content,create_time,link,source,title
"6月27日，北京烤靠考餐饮管理有限公司宣布完成B轮4500万战略融资，本轮投资方为美国一力集团，并公布全新“爆品供应链”战略。
 
  烤靠考创始人吕强表示，本轮融资将以“爆品供应链”为主要战略发展方向，包括：供应应季爆品、爆炸性性比价，巩固全球分仓模式，完善精准的餐饮爆品供应服务。
 
  经过两年多的发展，烤靠考已经拥有了完善的餐饮供应链渠道和品牌发展模式。其中，烤靠考全球分仓模式改变了原来总仓设分仓的管理下放模式，变管理为交易模式，招募各地闲置仓储资源的餐饮企业和供应链企业成为仓主，直接原地采购，由烤靠考承担物流费、搭建费、税金，仓主只承担简单明了仓储费和销售工作，实现F2B（FactoryTobusiness）。
 
  据了解，烤靠考成立于2015年8月，旗下拥有kao铺、煎饺侠、蚝仔乐粥铺等。此前，宣布获得了2000万元A轮融资，投资方为安普创投、东部开发集团。",2018-06-27 15:07:00,https://www.chinaventure.com.cn/cmsmodel/news/detail/328261.shtml,猎云网,烤靠考宣布完成B轮4500万战略融资，一力集团投资
"随着中国新兴富裕阶层与中产阶级的快速壮大与迅速崛起，他们对于中国消费领域，特别是生活用品行业的正在不断提出更新、更快、更高的需求。而对于以往传统的纸巾行业，也成为日用品市场颠覆的重要领域。
 
  根据中国产业信息网的调研分析报告指出，中国的生活用纸量级市场规模，在2017年已创下了超过1200亿规模的市场交易。而至2015年起，以“健康、环保“为主打理念的竹纤维纸巾争相上市，2018年达到300余家。有机构估测，未来3~5年，以竹纤维为代表的“本色纸巾”将达到500~700亿市场规模，再进一步蚕食传统“白色纸巾”市场后，最终形成自己的稳固产业、庞大客群及市场规模。
 
  而就在近日，本色类纸巾行业领域投融资方面传来信息。竹纤维纸巾品牌——“无染”（wuro）首次融资，获得1200万人民币的天使轮融资。领投方为纽信创投。
 
  作为一个刚刚成立一年时间的本色纸巾品牌，“无染“（wuro）从2017年小米有品众筹开始，一路攻城掠地，截止目前包括小米有品、京东、一条视频、云集等在内的众多国内一线门户电商平台及内容电商渠道上，无染已经成为本色纸巾的领先品牌，其SKU也从最初的一个迅速扩张到近二十余个。就在刚刚结束的618电商消费盛宴上，无染获得近千万的销售业绩。
 
  消费升级，“无染”厚积薄发，颠覆纸巾行业 
 
  此前，市场调研机构贝恩和凯度消费者指数发布了《2017中国购物者报告》，对中国的4万个家庭进行了一场大调查。结果显示，收入日益提高的中国中产阶级，正不断加速升级自有的生活用品及品牌。人们正在由以往的日常型消费，逐步进入品质型、理念型需求及消费。而这一趋势上反应到纸巾市场层面上，近几年看似平静的纸巾市场其内部早已是波涛汹涌、暗流涌动。
 
  早在2015年前后，业内人士就已感叹，纸巾行业似乎提前进入“拐点之年”。一大批本色纸巾及品牌被孕育而生，凭借着健康、环保、自然的理念，迅速介入市场，并以极短的时间便获得了消费者的认可与青睐。
 
  正是在这样时代背景与未来趋势，“无染“的创始者与其团队，早在2013年前后便开始进行战略部署与规划，提前介入以竹纤维为原料核心的纸巾行业的产品研发、生产及市场调研工作。经过四年的筹备，2017年5月，”无染“终于推出其首款产品——”无染“天然竹纤维抑菌纸巾，并正式上线小米众筹，最终在短短14天时间里，以获得34000位粉丝支持，100%的产品满意度，超270余万众筹金额顺利面市。
 
  在接下来的时间里，凭借着核心的技术与积累。“无染“厚积薄发，后来居上。2017年12月，”无染“率行业之先，全球发布首款天然竹纤维抑菌保湿纸巾，成功突破长期以来日本作为原产国方面对保湿纸巾技术的技术与垄断，一举实现竹纤维保湿纸巾的全面中国制造，为广大的母婴人群、鼻过敏患者带来了福音。
 
  面对着潜在市场预期与“无染“产品的技术与优势，2017年度，“2015年度中国最佳天使和早期投资机构TOP30”——纽信创投，在对“无染”进行实地考察与综合评估后，最终决定注入首批1200万人民币投资资金。
 
  四位一体，“无染”打造行业标杆，牵手资本 
 
  在已经过半的2018年度里，无论是全球还是亚洲范围内的经济都不见乐观。受到大环境、政策及银行的调控与影响，特别是传统型企业、中小型企业在资本市场难以获得青睐。而才仅仅上市一年的 “无染“首期天使轮融资即达1200万，这在同行业中并不多见的。
 
  而对于这一结果，“无染“创始人陈登武表示：“出发前即已经准备好。所以现在的结果，是情理之中，非意料之外。我们关注的四个维度即：团队、技术、产品、市场。”
 
  技术层面上，“无染“自一开始就没有走相对容易、轻松的同类产品复制道路，而是从战略方面选择通过与国内外大的原材料商、技术公司及生产厂家达成战略合作伙伴关系，打造属于自己的产品。事实证明，这样的品牌战略虽然在一开始会面临到诸如前期投入大、回报周期过长、技术公关困难等问题，但从长远的方面来看，产品生命周期很长。
 
  由于对于市场需求的不断捕捉，以及技术的探索，新品在不断推进之中。在接下来的7~8月，“无染“将发布包括“无染“车载醒神湿柔纸巾 在内的多款有针对性客群产品。这些产品除了带来更加的体验感及使用感之外，更多的，是再一次将纸巾人群及客群进行了重新的梳理及定义，颠覆大多数人对于纸巾、竹纤维纸巾的认知。
 
  截止目前，“无染“旗下的全线产品，均获得了包括美国FAD食品标准检测、欧盟AP食品标准检测、FSC森林可持续发展认证、SGS质量体系认证等一系列国内外体系认证。同时，旗下产品已入驻包括小米有品、京东商城、淘宝、一条视频、云集等在线的众多国内一线电商运营平台。包括小米有品等品牌，也均指定无染为竹纤维纸品方面的唯一品牌供应商资格。据悉，而在未来的1~2年，“无染“的市场愿景将做到品牌线上全覆盖。
 
  目前现阶段，“无染“的第一条产品主线“Base系列（基础系列）产品”已经逐渐构筑完毕，而接下来包括”Home系列（家庭系列）“、” Baby系列（宝宝系列）“以及”Young（青春系列）”等在内的多条系列产品线已经明确规划在上市计划当中。",2018-06-27 12:20:00,https://www.chinaventure.com.cn/cmsmodel/news/detail/328256.shtml,投中网,互联网竹纤维纸巾“无染“获千万级天使轮融资，领投方为纽信创投
"6月27日，中国领先的旅游云技术服务平台泰坦云宣布完成亿元级C轮融资，本轮融资由珠海科创投、春晓资本联合领投，博将资本跟投。
 
  泰坦云成立于2013年5月，目前发展成为中国领先的以旅游云技术为核心的供应链解决方案提供商，专注于为酒店、旅行社、航空公司、商旅平台、OTA等各类企业机构提供行业级技术解决方案。
 
  在此轮融资前，泰坦云分别是2013年完成天使轮融资，2014年获得Pre-A轮融资，2015年完成A轮融资，2016年完成B轮融资，前几轮投资方包括青松基金、常春藤资本、春晓资本、梧桐树资本、博将资本、保利华辰、灏德资本等。本轮C轮融资是泰坦云成立五年时间里完成的第四轮融资。
 
  百亿级交易生态网络 
 
  自成立以来，泰坦云利用对行业的深刻理解和扎实专业的技术功底，为酒店、旅行社、航空公司、商旅平台、OTA平台等供应链合作伙伴提供包括酒店和旅游的SaaS 和Switch技术服务、资源供应网络及渠道分销网络服务，旅游供应链金融服务等。目前基本形成直连超过国内外50万家酒店实时库存，和直连覆盖中国主要流量入口的中国最大的中立、第三方的并且互联开放的新型交易生态网络。
 
  从技术到供应链的新物种 
 
  有别于以往国内外酒店技术领域的PMS和Switch 技术商模式，泰坦云的模式极具创新性，从开始的向酒店分销商和包房商提供系统，帮助酒店和OTA在线渠道进行直连，一步步建立一个涵盖中国酒店供应链全链条的包括酒店、批发商、在线OTA电商渠道以及线下分销商的全新的基于云端的供应和分销网络，成长为以技术、交易、金融赋能为核心的行业供应链解决方案提供商，并以此建立起包括技术和供应链交易服务收费的商业盈利模式，泰坦云用五年的时间完成了一个从技术服务商到S2B供应链服务商的新物种的进化。 
 
  经历5年时间的持续投入和打磨，泰坦云技术产品涵盖国内外酒店和目的地领域，产品已经日臻成熟，可为行业的供应商和分销商各类用户提供在云端的技术服务和互联开放的平台交易生态网络。在技术能力、交易能力和金融能力不断发展和成熟后，泰坦云现在已开始向大型的行业机构开放供应链服务，与国内外知名的在线旅游平台、酒店、航空公司、商旅平台、银行金融机构，以供应链赋能的方式展开形式多样的合作。
 
  本轮继续领投的春晓资本创始合伙人何文先生表示：“泰坦云用五年的持续技术投入，用SaaS 和Switch 云技术连接旅游行业上下游，打造互联互通的完全基于云的供应链平台，这是一个耗时又耗力的苦活、累活，但正因这样，使得它又具备相当高的壁垒和价值。互联网改造传统行业缓慢发展，正需要泰坦云这样的团队潜心做事，与时间做朋友，获取长期价值！”
 
  珠海科创投MD陈源远先生表示：“在企业级应用领域，客户需求以及痛点的准确捕捉必须是基于对行业的深刻的理解。泰坦云正是这样一个团队，建基于丰富完整的酒店、旅游行业经验，打通了上游资源端和下游需求端，并搭建起中国酒店行业最大的交易生态网络。我们相信，这样的团队和这样的产品一定能够把握市场机会，为客户、员工以及所有投资人创造巨大的价值。”
 
  青松基金创始合伙人董占斌先生表示，投资泰坦云，一是看好泰坦云团队在酒店领域深耕多年的行业经验，二是看好项目的切入点，泰坦云能做出符合B端商家需求的产品，在巨大的市场红利下去整合分散的资源蕴含潜在的投资价值。“如今，泰坦云已成为中国酒店技术服务领域领先的优秀企业，构建了全新的基于云端的中国酒店在线供应和分销网络，拥有中国最大的第三方供应和分销网络。”
 
  博将资本合伙人徐立新先生表示：“我们两年前投资了泰坦云，这两年公司的发展非常好，战略清晰，打法落地，已经建立了一个全新的基于云端的在线供应和分销交易生态，成为了中国酒店技术服务领域的优秀供应商，具有了非常高的知名度。泰坦云这种为社会为行业能够提供真正价值的企业完全符合我们的投资标难，博将资本将持续给予支持。”
 
  梧桐树资本合伙人高申先生表示：“酒店是旅游行业最高频，且最刚需的SKU之一，泰坦云以酒店作为切入点，通过SaaS和Switch技术改善了行业的产业链结构，为行业的变革带来的新的气息，梧桐树资本作为在企业服务的重度布局者，很荣幸能参与到泰坦云的发展进程中。”
 
  泰坦云创始人兼CEO 许青表示，泰坦云将利用新注入的资金，在技术创新和业务拓展上加大投入，继续深耕酒店供应链，不断扩大供应和分销网络，建立标准化的服务体系，并重点提升市场拓展和团队组织能力，持续建立更强的核心竞争力，为客户提供更高的价值和服务。",2018-06-27 09:42:00,https://www.chinaventure.com.cn/cmsmodel/news/detail/328241.shtml,投中网,【首发】泰坦云完成C轮融资，珠海科创、春晓资本联合领投
"6月26日消息，甲乙丙丁获满帮集团3亿元A轮战略投资。这是甲乙丙丁继今年4月Pre-A轮融资后，再次获得融资。Pre-A轮融资由中信建投资本领投，行业战略投资人跟投。
 
  据了解，甲乙丙丁团队成立于2008年，早期定位于河南甲乙丙丁集团下面的子项目，先后开发了进销存系统、门店管理系统、财务核算、售后管理、车队管理系统等相关SaaS软件，服务于传统线下代理业务，利用互联网手段提高运营效率。
 
  满帮集团董事长&amp;CEO王刚表示，完成战略投资后，甲乙丙丁将成为满帮集团唯一的汽配维修运营平台，也是满帮集团唯一投资的汽配维修电商项目。",2018-06-27 08:32:00,https://www.chinaventure.com.cn/cmsmodel/news/detail/328222.shtml,亿欧网,甲乙丙丁获满帮集团3亿元A轮战略投资
"近日，五色科技宣布完成由招商局资本领投的数亿元人民币A轮融资。此轮融资将主要用于第三方化疗中心在全国范围内的扩张布局。
 
  五色科技是由国药集团和360集团于2015年合资成立。目前主要从事肿瘤化疗第三方服务相关业务。",2018-06-27 08:03:00,https://www.chinaventure.com.cn/cmsmodel/news/detail/328223.shtml,亿欧网,五色科技获数亿元A轮投资，招商局资本领投
"近日，怡禾健康不仅获得经纬创投1000万元融资，而且它位于深圳福田区的第一家母婴健康诊所也即将开业。
 
  怡禾健康是一个母婴健康咨询服务平台，致力于提供母婴健康管理方案，包括日常养育指导和疾病健康管理。隶属于深圳怡禾健康管理有限公司。",2018-06-27 07:42:00,https://www.chinaventure.com.cn/cmsmodel/news/detail/328226.shtml,亿欧网,怡禾健康完成1000万元融资，经纬创投投资
"近日，STEM教育机构火星人俱乐部宣布完成数千万元A+轮融资，投资方为高思教育，本轮融资将主要用于继续完善产品线、组建服务团队、搭建用户平台。据悉，高思教育已将火星人的课程作为扩充品类纳入到其平台上，同时将在高思爱学习平台上推广火星人的教学产品，该平台目前有3000多家教育培训机构。
 
  火星人俱乐部成立于2014年，主要面向大众消费市场建立校区，采用线下小班教学，为5-13岁的中小学生提供编程、物理实验及科普等课程。",2018-06-27 07:07:00,https://www.chinaventure.com.cn/cmsmodel/news/detail/328225.shtml,亿欧网,火星人俱乐部完成千万级A+轮融资，高思教育投资
"英国《金融时报》6月26日报道称，作为80亿美元全球基金的一部分，红杉资本（Sequoia Capita）日前完成了第一轮60亿美元的募资。
 
  路透社今年1月底曾援引多位知情人士的消息称，红杉资本正计划募资80亿美元，并已将目光瞄向中国投资者。募资80亿美元也是红杉资本自1972年创办以来最大规模的募资。
 
  当前，许多科技投资公司都试图成了更大规模的基金，以对抗软银的愿景基金。报道称，红杉资本此举也是为了寻求更多火来力挑战愿景基金。分析人士称，拥有更多资金能让红杉资本进一步实施多元化投资战略，把注意力从此前的“初期和成长期”投资转向“IPO前”投资。
 
  关于融资规模，红杉资本中国基金创始人沈南鹏（Neil Shen）称：“企业在变化，投资规模也在变化。如今，要想成为一家企业的领先投资者，投资1亿美元已经不够了。要想打造一家价值数十亿美元的企业，你需要投资4亿美元或5亿美元。”
 
  路透社之前曾报道称，红杉资本中国基金正在为旗下的第五个人民币基金募集最多150亿元人民币(约合23.7亿美元)，主要针对中国初创公司进行投资。
 
  红杉资本此次获得的60亿美元投资，全部来自新投资者，之前与红杉资本没有合作关系，凸显了其极大的吸引力。
 
  当前，红杉资本持有大量股权的中国企业包括美团点评（正寻求以600亿美元的估值在香港IPO）、今日头条母公司北京字节跳动科技有限公司(去年夏季估值200亿美元)、滴滴出行和拼多多等。有业内人士预计，红杉资本的投资规模在1000亿美元至2000亿美元之间。
 
  随着中国经济的持续发展，中国的最成功的初创公司的发展速度越来越快，规模越来越多。沈南鹏称，携程网用了18年时间估值才达到270亿美元，而美团2010才成立。
 
  这一变化使沈南鹏调整了投资战略，开始了全链条投资。
 
  与此同时，红杉资本的竞争对手也在扩大投资规模。去年，KKR完成了93亿美元的亚洲三期基金融资。此外，高瓴资本和华平投资等也都在亚洲市场大规模融资。",2018-06-27 07:02:00,https://www.chinaventure.com.cn/cmsmodel/news/detail/328219.shtml,新浪科技,红杉资本完成60亿美元募资，挑战软银愿景基金
6月26日消息，AIpark（爱泊车）宣布获得由蔚来资本领投，中美绿色基金、三利集团跟投的数亿元B轮融资，本轮融资将继续投入于技术研发及市场扩张，加快在智慧停车领域的布局速度，加大全球化布局投入。,2018-06-27 06:53:00,https://www.chinaventure.com.cn/cmsmodel/news/detail/328224.shtml,亿欧网,爱泊车获数亿元B轮融资
"中大型企业线上反欺诈管理方案提供商CashShield今日宣布完成两千万美元B轮融资，由GGV纪源资本和淡马锡（Temasek）领投，大众点评创始人张涛、托尼·法戴尔和 Wavemaker Partners 跟投。
 
  至该轮融资完成后，CashShield已募得投资额共达2550万美元。首批投资者GGV纪源资本和托尼·法戴尔在本次融资中投资加倍，增持了公司股份。全球投资企业淡马锡新加入本次CashShield融资。
 
  CashShield结合人工智能和华尔街高频交易技术，为线上交易和消费者账户保驾护航，无需人工干预即可阻止网络罪犯。随着黑客入侵和数据泄露事件增多，网络账户的价值显著提升，其在暗网上的出售价值比信用卡号多60倍。CashShield的独家技术保证消费者数据被窃取后，不可再被使用。
 
  CashShield创始人兼CEO李伟健（Justin Lie）说：“CashShield能用一流技术创造性地解决欺诈难题，为企业释放了巨大价值，从一开始就能保证盈利，投资人也看到了其中的价值，全力支持我们对抗愈演愈烈的线上欺诈。”
 
  GGV 纪源资本管理合伙人李宏玮（Jenny Lee）说：“Justin是一位强有力的领导者，目标明确，CashShield去年展现出的发展势头增强了我们对其潜力和技术质量的信心。”
 
  CashShield在美国开展业务一年以来，已获得极大的市场关注，将亚米网（Yamibuy）和Scalefast纳入了其全球合作伙伴名录中。
 
  CashShield首批投资者法戴尔说：“CashShield每年保障交易额逾50亿美元，保障超1千万用户账户。它有一整个A.I.风控军团保卫着企业和用户的信息，市场上还没有这种企业。”
 
  募得资金将被用于加强CashShield的全方位欺诈技术，为企业、金融机构和政府组织提供更全面的反欺诈审核技术。",2018-06-26 18:20:00,https://www.chinaventure.com.cn/cmsmodel/news/detail/328205.shtml,GGV纪源资本,CashShield完成两千万美元B轮融资，GGV及淡马锡领投
"今日消息，线上线下一体化的高品质医疗服务平台“妈咪知道”获分享投资领投，软银中国、淳石、凤新、一起创资本跟投的1.5亿元C轮战略投资。此前，妈咪知道先后获得软银中国、晨兴创投、复星锐正、山楂树、周大福集团关联投资机构4轮融资。C轮融资后，妈咪知道将继续升级“OMO”（线上线下融合）的医疗服务体系、赋能医生创业、助力基层医疗发展。
 
  自2014年成立至今，妈咪知道一直秉持“有温度的医疗”理念，致力为中国千万中产家庭提供线上线下一体化的高品质医疗服务。目前，妈咪知道线上健康管理平台已累积600多万妈妈用户，以及3000多名来自全国三甲医院的儿科、产科医生，与线下儿科诊所形成“线上-线下”打通的新型医疗服务闭环。妈咪知道儿科诊所参照JCI国际化标准服务体系，遵循循证医学理念，开设儿童保健、儿内科、口腔科、耳鼻喉、儿童营养、儿童心理、皮肤科、眼科等综合性儿童医疗健康服务，为0-16岁儿童的健康成长悉心护航。
 
  6月26日，位于深圳福田CBD的妈咪知道儿科中心正式开业。妈咪知道通过与香港联合医务的合作共建，为深圳市民引入了港式全科医疗服务，进一步提升了针对中产家庭的医疗服务深度和广度。至此，妈咪知道已完成深圳、广州、上海、北京7家医疗机构的建设和运营布局。",2018-06-26 17:49:00,https://www.chinaventure.com.cn/cmsmodel/news/detail/328204.shtml,猎云网,妈咪知道完成C轮1.5亿元融资，分享投资领投
"6月26日，新潮中医消费品TOUCH创始人蔡剑军透露：已在2018年6月完成300万元天使轮融资，本轮融投资方为北京碧生源控股有限公司（以下简称“碧生源”）。本轮融资将主要用于产品研发和用户积累两个方面。此前TOUCH曾在2017年8月获得新进创投和红娘基金50万种子轮投资。
 
  碧生源成立于2000年，为中国保健功能茶产品企业。碧生源主要业务是生产及销售功能保健茶产品，主要产品是碧生源常润茶及碧生源减肥茶。2010年起，产品连续四年在中国大陆分别位居润肠通便品类及减肥品类的领导地位。2010年，碧生源控股有限公司在香港挂牌上市。",2018-06-26 15:20:00,https://www.chinaventure.com.cn/cmsmodel/news/detail/328159.shtml,亿欧网,新潮中医消费品TOUCH获300万元天使轮融资
"今日，商业公共空间数字化运营平台橙工场已于2017年完成第二轮千万级融资，投资方为AC资本、翰潭投资、道生资本。橙工场袁昌栗告诉猎云网，本轮融资将主要用于产品优化、数据整合。
 
  谈及本次投资，AC资本徐勇表示：“投资橙工场，正是看好其在线下商业公共空间场景下的专业性和对未来线下流量价值前景的认可。Shopping Mall是线下流量的汇聚点，而快闪店是新零售的代表性模式之一，能高效的获取真实消费者，是线下门店之外非常重要的补充。橙工场不仅能够为商业空间提供数字化的运营平台，更能基于商业空间延伸出多样化的场景内容，打造流量新入口，顺应未来的发展趋势。橙工场的创始团队来自于百度，对互联网思维及线下流量都有深刻的理解，是非常互补的团队。”
 
  随着互联网流量红利期的结束，线上流量越来越贵，越来越多企业的营销推广开始从线上回归线下。企业对成本更低、客户转化率更高、客户忠诚度更高的新渠道需求度越来越高。
 
  对于购物中心端，这些客流动线上的场地资源闲置率高、需求不对称、缺少场地标准化数据化、缺少专业运营和销售渠道。橙工场能帮助他们更高效的前置匹配双方需求，节省沟通成本提高运营效率。
 
  橙工场是国内领先的商业空间数字化运营平台，平台以数据为核心，共享闲置的商业公共空间，以快闪店的形式链接线下流量场地与有推广需求的企业。平台上提供场景画像、场地预定、内容运营、数据支持及服务商资源的一站式解决方案。在新零售的人货场三者关系中，打造了门店和网店以外的第三种场景：快闪店。橙工场一直致力于快闪营销模式在国内的应用与发展，pop-up store快闪店为消费者带来线下+线上融合的全新体验，颠覆传统的营销方式，为营销领域打造了一个全新的场景和全新的体验。
 
  袁昌栗告诉猎云网，在新零售时代，人货场三者关系更加多样，橙工场为传统的店铺和网店以外提供第三种快闪店。让消费者回归线下体验，橙工场将整合所有有流量价值的商业空间资源，以快闪店（pop-up store）的运营方式，帮助更多的品牌获取真实用户。
 
  在袁昌栗看来，有三种典型性客户：
 
  1）低频高消费的产品，例如汽车、智能硬件、家电等。这类消费非常低频，线下开固定店没有复购率坪效低；线上销售又因为客单价高而难成交。所以在不同商圈巡回做快闪店是他们最好的营销方式。
 
  2）潮汐效应明显的产品。比如滑雪品牌，只需要在雪季的时候开大量的快闪店，非雪季的时候一家都不需要。
 
  3）生活服务、IP文创娱乐类需要线下体验的产品。
 
  据悉，橙工场到目前平台已合作22个城市的3000家购物中心和影院商超等场景下的5万块场地。预计今年将覆盖全国50个主要城市，所有线下实景数据实测实录。",2018-06-26 13:42:00,https://www.chinaventure.com.cn/cmsmodel/news/detail/328195.shtml,猎云网,橙工场获千万级融资，AC资本、道生资本等投资
"今日消息，AI语音技术公司思必驰宣布完成了D轮5亿元人民币融资，由元禾控股、中民投领投，深创投、富士康、联发科跟投。思必驰创始人兼CEO高始兴透露，目前思必驰已有比较明确的上市计划，会优先考虑在国内上市，本轮融资完成后，思必驰将会围绕技术创新、产业落地、人才等方面来布局，据悉当前思必驰也正在推进AI语音芯片的研发，预计下半年能流片上市，芯片合作方暂未透露。
 
  此前，在国内智能语音行业创业公司，思必驰与出门问问、云知声等位列第一梯队，在本轮融资之前，思必驰曾于2012年完成数千万人民币首轮融资，由联想之星、启迪等参投；于2016年初完成近2亿人民币第二轮融资，阿里等参投；2016年9月完成第三轮融资，金额不详。高始兴表示，思必驰已于2017年基本实现了收支平衡，2018年有望实现盈利。
 
  目前，随着IoT终端的激增，语音行业的独角兽们已经走过了单纯提供开放平台供用户调用的简单模式，转而覆盖从硬件芯片到上层系统应用的全栈解决方案，各家的较量一再升级，思必驰不得不跟上这样的竞争趋势。高始兴表示，自己做芯片，芯片架构能够根据算法、算力做定制调整，算法也能根据芯片做优化，将芯和云端打通从而提供更优的性能与体验。目前，思必驰已经完成了若干低功耗深度学习算法的研发，算法创新为芯片核心能力提供了基础。
 
  据了解，思必驰近年来形成的核心业务场景聚焦在智能车载、智能家居、智能机器人，目前也在探索手机与可穿戴等场景业务。融资完成后，思必驰的业务链条将进一步延展，在智能终端方面，提供包括DUI平台、语音芯片、垂直方案(车载、家居、机器人等物联网方向)等支持服务。其次往后端走深化方案与平台能力，提供智慧服务，近期即将公布Business Assistant 企业智能服务业务。",2018-06-26 10:07:00,https://www.chinaventure.com.cn/cmsmodel/news/detail/328191.shtml,猎云网,思必驰完成5亿元D轮融资，元禾控股、中民投领投
"今日，成立于2017年5月的内容有声化提供商闪电配音宣布获得1500万元 pre-A轮融资，领投方为兴旺投资。
 
  据悉，完成本次融资后，闪电配音将推出更丰富的音频化垂直解决方案，并着力产品迭代升级、扩充技术团队，为下一步发展做好技术和人员储备。闪电配音创始人兼CEO蒙太奇表示，公司计划于近期开始下一轮融资。
 
  音频行业“声音出版商” 
 
  近些年，与音频有关的内容已挣脱影视剧和广告配音等传统应用场景——新媒体内容音频化、知识付费、短视频、有声书、导航、人工智能的语音交互等移动互联网应用对音频产生了巨量需求，音频在移动互联网时代的应用场景得到了极大提升，这导致配音行业迅速扩张并提供了后续变现机会。6月20日微信公众号对音频的友好展示和强化，将扩展市场对配音行业的需求，也将促进配音行业专业化升级。
 
  但目前国内配音市场呈现两极化和极度分散的形态，也是目前尚未被互联网深度再造的少数行业之一：配音行业早年呈现封闭、少数人的圈子态势，业务更多集中于影视剧和广告配音，一些优质的声音IP价格昂贵，而另一部分则是大量粗劣的配音；在商业形态上，声优经纪、小型配音工作室等组织极度分散，适应移动互联网生态的内容有声化提供商还未出现，一些所谓因应互联网应用场景而出现的“网配”内容，也因质量粗劣而被不少专业人士诟病。
 
  闪电配音试图解决目前国内配音市场的痛点。创始人兼CEO蒙太奇表示，基于移动互联网音频应用场景，闪电配音希望通过互联网的方式对音频市场的生产方式进行改变、升级和重塑，打造“内容有声化提供商”。
 
  现阶段，闪电配音建立了以“极速交付、FM品质、颠覆性行业价格”为特征的配音模式。第一、依靠独创的算法在全球建立了庞大的主播矩阵，各级别知名签约主播超过1万名；第二、具备提供7*24小时、千字/15分钟的极速运营和交付能力；第三、其主打的多元化配音业务的成本，是传统配音公司的1/15左右，极大降低了配音，尤其是优质配音的行业门槛。
 
  用音频实现商业变现的场景正在爆发 
 
  基于专业化、规模化、标准化的运营，闪电配音可有别于淘宝20元/百字的价格，实现低至2元/百字。
 
  成立一年来，闪电配音已在新媒体内容音频化、知识付费、短视频、有声书、智能硬件、人工智能的语音交互等多个移动互联网应用领域，收获了众多头部知名付费用户，并提供了超过30万条高质量音频内容。例如，以腾讯为代表的资讯类短音频；以极客公园为代表的自媒体头部号。
 
  合作方式包括：助力如浙江新闻新闻的传统媒体进行新媒体有声化转型；与知识付费KOL用户深度合作；磨铁图书、邮电出版社等传统内容出版商的有声书应用和渠道分发；与众多短视频机构，以及故宫、轻松筹、InfoQ、数传集团、Thoughtworks等多领域头部用户实现深度合作。
 
  对于音频行业在AI技术驱动下去人工化的趋势，蒙太奇表示，目前真人主播播报类似于当下汽车行业燃油和混合动力车与新能源车的对比，后者是趋势。音频行业同样如此，但是窗口期还要3-5年。在当下，从业者必须尊重行业发展现状并做好技术储备，以便迎接技术临界点到来，引领行业发展。
 
  他特别提到，IOT（车载及智能音箱等）设备面临着优质内容不足和时效延迟两大痛点。闪电配音的目标是在下一阶段成为IOT设备的内容供应中枢，让信息在这些设备上同步音频化，实现无缝更新。
 
  下一步，闪电配音还要成为多场景应用的音频内容提供方并实现渠道分发，使其提供的音频服务，不仅能为用户提供获取更多流量的方式，也为后续商业变现提供了更好的场景。
 
  作为闪电配音pre-A轮的独家投资机构兴旺投资，在互联网、文化、教育等领域有着丰富的投资案例，先后投资了喜马拉雅FM、美柚，以及今年4月登陆纽交所的尚德机构等知名项目。
 
  兴旺投资CEO熊明旺表示：“闪电配音团队对音频大生态有着深度理解和极强的互联网产品创新能力，正在通过技术手段改变和颠覆原有音频内容的生产方式，大幅提升了生产效率，为整个音频行业生态的繁荣带来了产业级的解决方案。”
 
  本轮融资的负责人、兴旺投资副总裁袁亮表示：“我们对闪电配音改变配音行业生产方式的判断，是此次投资的重要原因。其核心逻辑在于，优质内容的原创者并不一定是优秀的播讲者，极速、低价、高质量的第三方配音服务能很好的将整个音频内容的创作环节和配音环节拆分，整个音频内容产业链的生产力都将得到产业级的提升。”",2018-06-26 09:31:00,https://www.chinaventure.com.cn/cmsmodel/news/detail/328176.shtml,三声情报站,闪电配音完成1500万元Pre-A轮融资，兴旺投资领投
"人工智能支持的虚拟安全平台CrowdStrike专注于终端保护和威胁检测智能，25日这家公司完成了2亿美元E轮融资，本轮融资由Accel、General Atlantic和IVP联合领投，参投方包括现有投资人CapitalG（也就是Alphabet的后阶段风投基金）和March Capital。
 
  这家位于加州桑尼维尔的创企创立于2011年，它能帮助公司发现攻击即将到来时的征兆，并在漏洞出现前采取措施。CrowdStrike已经通过调查和汇报全世界不少知名的数据泄露事件为自己正名，公司在证明2016年俄罗斯入侵民主党全国委员会时起到了作用。同时它还表明2014年索尼影业被黑一事中，朝鲜可能是幕后者。
 
  最近有报告表示，目前全球虚拟安全工作人员严重不足，只有180万人，其中一种解决人员不足的办法就是开发人工智能。这也是自动化安全平台能获取巨额融资的原因，Cylance、Fortscale、Jask以及Darktrace都是其中的例子，它们都于最近几年从风投公司那里筹集了大量的资金。
 
  在此之前，CrowdStrike已经筹集了2.81亿美元融资，其中包括去年筹集的1亿美元融资，当时公司的估值已经到达了10亿美元。随着25日这笔巨额融资的注入，CrowdStrike表示自己的估值已达到了大约30亿美元。去年它表示“正专注于为IPO做充分的准备”，显然除了追求市场扩张，这家公司正在IPO之前筹集资金。
 
  然而在今年早起，公司的首席执行官兼联合创始人George Kurtz还表示一家类似亚马逊或谷歌的巨头有收购自己的想法，其目的是为了增强自己的云端安全产品。
 
  但在外媒采访时，这家公司并没有透露任何有关IPO的新消息，但它最近筹集了足够的资金将自己的服务推广到全世界——这也是它打算做的。
 
  “我们正在打造一种能进行大规模销售的业务，这轮融资无疑会加快我们运营的发展，让我们继续进行技术开发、创新和地理扩张。”Kurtz在采访中说道。",2018-06-26 08:45:00,https://www.chinaventure.com.cn/cmsmodel/news/detail/328167.shtml,猎云网,虚拟安全平台CrowdStrike完成2亿美元E轮融资，估值约30亿美元
"北京时间6月25日午间消息，三名知情人士透露，数字支付网络Visa将向印度孟买的支付网关公司BillDesk投资2.5亿美元，此轮融资给出的估值大约在15亿到20亿美元之间。知情人士称，之前，BillDesk曾寻求战略出售，但最后还是决定选择进行融资。据称，这轮融资包括一级和次级交易。
 
  BillDesk是印度最大的在线支付处理公司，竞争对手有Naspers投资的PayU、CCAvenue及众多新兴的创业公司如RazorPay等。“交易目前处于最后阶段，双方正在协商公司的估值。”一名知情人士说道。2016年，General Atlantic从公司的现有投资者手中收购了BillDesk的20%的股份，当时公司的估值为8亿美元。
 
  2000年，三名前安达信会计师事务所高管——MN Srinivasu,、Ajay Kaushal和Karthik Ganapathy——联合创办了BillDesk，这是一家在印度少有的实现了盈利的互联网公司。对Visa来说，投资BillDesk将帮助这家美国企业控股其在印度支付生态系统中的地位。自从统一支付接口（UPI）这一类新模式的推出，印度的支付市场正迎来变革。全球科技巨头如WhatsApp Pay和谷歌的Tez，加之本地市场上的Flipkart推出的PhonePe等的出现，让UPI平台竞争力大增。Visa的投资也将帮助BillDesk在在线商家收购方面稳固地位。
 
  BillDesk每年处理近500亿美元的支付交易，在在线账单支付领域也遥遥领先。在电商领域，它与PayU不相上下，而CCAvenue和其他公司紧随其后。2017财年，公司的营收达到95亿卢比，且公司近十年来一直处于盈利状态。通常，支付公司的1-2%的总收入来自商家向他们支付的佣金。BillDesk的Srinivasu未作任何回复，而Visa的一名发言人则表示，“根据政策，公司不对合作或投资猜测置评。”
 
  知情人士则称，鉴于荷兰金融科技创企Adyen的成功上市，BillDesk的创始人们正在寻求比20亿美元更高的估值。“随着RuPay和UPI越来越普遍，Visa和Mastercard（万事达）等老企业开始挖掘新的途径并在印度那快速发展的数字支付市场上巩固他们的地位。”",2018-06-26 08:23:00,https://www.chinaventure.com.cn/cmsmodel/news/detail/328165.shtml,新浪科技,Visa拟投资印度支付公司BillDesk 2.5亿美元
"6月25日消息，基于区块链的稀有游戏道具&amp;资产交易平台Game Root宣布已经获得星合资本、Crypto Venture（加密风险资本）、人人矿场等数家资本共计数千万美金的投资。本轮融资后，将加速与知名游戏厂商合作，推动游戏资产数字化的场景落地。
 
  Game Root创始人Freddy He表示“游戏作为数字资产，并没有平台和组织提供便捷、信任成本低廉的金融化的通道，使得每个游戏变成了封闭的孤岛，极大阻碍了游戏用户的LTV，同时也极大抑制了游戏作为数字资产实际金融价值，这就是Game Root借助区块链技术将要打造其商业模式的核心诉求”。
 
  区别于目前的区块链游戏、为开发者提供开发基础的游戏公链，Game Root可以理解为游戏设计者、开发者及游戏玩家提供交易服务的买卖平台。
 
  Game Root智能合约 SDK，方便游戏开发者将部分“稀有”游戏道具等数字资产，实现“一键上链”，在Game Root平台进行交易转让。打破单一游戏/平台内交易的封闭性，盘活玩家的“沉没游戏资产”。同时搭建基于IPFS的去中心化分发平台，让游戏内容的分发更加公平。
 
  此外，Game Root还将IGO预售限量道具/物品，和玩家社区共建繁荣的游戏经济。玩家将拥有真正的资产所有权。游戏道具&amp;资产在去中心化的区块链上可永久追踪，永久属于玩家，无法被游戏开发者所剥夺。
 
  用区块链技术确保游戏道具&amp;资产真实可信。游戏玩家不再盲目信任某个道具是罕见的，基于区块链的数字资产使得发行规则透明化，发行数据真实可靠，无需信任任何发行人。
 
  最后，游戏道具&amp;资产可实现交易全球化。限量版和稀有物品具备全球范围内可转让将使资产变得更有价值。玩家可以为兴趣收集物品，也可以通过交易物品赚取利润，而不存在欺诈风险。这将大大降低玩家转换游戏时的巨大沉没成本。
 
  在团队方面，目前Game Root团队约30人，来自育碧、腾讯游戏、盛大网络、页游科技等知名游戏开发及发行平台，深耕游戏领域多年，有丰富的游戏产品研发、运营经验。",2018-06-26 08:02:00,https://www.chinaventure.com.cn/cmsmodel/news/detail/328168.shtml,猎云网,Game Root获数千万美元投资，星合资本、Crypto Venture、人人矿场等投资
"近日，人工智能医疗行业的领先公司视见科技完成A轮追加融资，投资方为招商局创投。2018年3月视见科技完成A轮融资，由深创投领投。至此，视见科技完成总额1亿元人民币A轮融资。
 
  据悉，视见科技的本轮融资将继续聚焦于产品研发，在团队组建和产品矩阵上持续追加投入，并加快推进临床应用场景探索，推动公司快速发展。
 
  本轮投资方招商局创新投资管理有限公司（招商局创投），设立于2015年，是招商局集团全资子公司，投资领域聚焦于“互联网+”和科技创新，包括金融、地产和物流交通等招商局集团的优势产业与互联网的结合，以及大健康、消费升级、人工智能等创新领域。
 
  招商局创投高级投资经理杨宏锴表示，“大健康产业是招商局集团着重发展的领域之一，我们看好AI在医疗领域的应用前景，尤其是在医疗影像上的应用落地。视见科技拥有业内领先的科研水平和技术团队，市场开拓进展迅速，可以与招商局现有和未来大健康领域业务布局紧密结合，协同发展。”
 
  厚积薄发，团队屡受政府资本青睐 
 
  视见科技本次融资距上一轮深创投投资过去仅仅不足3个月，且连续两轮吸引投资风格相对稳健的政府背景资本，给本轮投资增添了不少含金量。“一方面，说明视见科技成立一年多以来，公司的团队、产品和市场进度，得到了资本市场的充分认可，”视见科技创始人陈浩博士介绍道，“另一方面，人工智能在医疗领域的真正大规模落地应用，还需要一个较长的时间。从技术、产品、市场以及政策层面，都开始进入攻坚阶段，需要摒弃浮躁的心态。有了资本的助力，我们就更能沉下心来专注于把技术研发和产品开发做好，同时探索更多的临床应用场景。”
 
  影像AI快速发展，临床应用进入新阶段 
 
  “AI应用于医疗的发展时间虽短，但其发展速度却是惊人的，尤其在数字化、信息化基础条件较好的放射影像领域。”视见科技COO肖翔介绍道。17年初时，大部分影像科医生对于医疗AI还知之不多，而到了年末，大部分三甲医院都已普遍对于AI的技术和应用有了较深的认知。尤其在进入18年后，国内第一梯队的AI公司都相继推出了较为成熟的产品，并且在各大医院都进行了不同程度的合作和临床试用。有一些知名三甲医院，试用的AI产品甚至超过10家。一方面，说明医疗行业对AI的接受程度越来越高，另一方面，也把各家企业的产品放在了直接竞争的赛场上。以目前影像科最为普遍的AI应用肺小结节检测为例，除了在结节检出的敏感性和假阳性等指标上进行较量外，医生还关注更多实用功能-包括结节良恶性判断、随访等功能的开发，以及跟医院临床流程的对接。“视见科技的Lung-sight肺部影像辅助诊断产品，能无缝对接医院系统，自动获取数据并返回检测结果，视见科技的格式化报告也能一键导入到医院报告系统里，真正提升医生的工作效率。”肖翔说，“除了功能的进一步完善外，覆盖更多检查手段、更多部位和病种模块，也是下一步影像AI产品应用落地的关键点。而视见科技团队多年的技术积累为下一步更多的产品开发提供了坚实保障。目前视见科技有包含骨科、乳腺、前列腺、肝脏等多部位放射类的产品矩阵。” 据悉，视见的胸部DR-sight系统6月也正式发布上线，并已经在多家医院进行临床部署。该系统能自动对胸部DR影像进行阴阳性诊断，并自动定位多达16种胸部常见病症和病灶部位。
 
  病理AI蓄势待发，宫颈癌筛查或成突破口 
 
  相对于快速发展的影像AI领域，病理领域发展相对缓慢，无论是参与的公司数量还是产品成熟度，都相差甚远。而视见科技在病理领域，又一次站到了行业前端。视见科技研发的“Cervical-sight”宫颈癌液基细胞筛查系统，能自动检出全片病变细胞，提供14个分类的诊断结果，并自动出具TBS结构化报告，充分满足宫颈癌筛查市场的需求。
 
  在今年五月份举办的第四届中国医疗保健国际交流促进会病理学分会年会暨数字病理和人工智能大会上，主办方特别设计人机大赛环节，将宫颈癌细胞学智能筛查作为大赛项目。视见科技的“Cervical-sight”系统在大会上首次亮相。作为三家参赛企业之一，视见科技的诊断结果得到了与会专家的高度认可。特别是现场邀请一位基层医生使用视见科技系统辅助进行诊断，在初次熟悉系统后，仅用50分钟完成了40张宫颈细胞片的诊断，其结果达到了专家水平。
 
  “人机大赛不是目的，人机协作才有未来。”陈浩介绍，“中国病理注册医生不到1万人，医生缺口高达10万人以上，因此病理领域对于AI的需求更为迫切。视见科技是少数在影像和病理领域均有深厚技术积累和产品布局的AI企业之一，影像与病理组合发展对临床有更多的实用价值，随着病理数字化的快速发展，其应用价值也将进一步体现。”
 
  专业团队，技术立足打造AI赋能医疗的领导者 
 
  视见科技成立于17年2月，现在已经在香港、深圳、北京和成都分别组建了研发和业务拓展团队。视见科技核心技术团队源自于香港中文大学教授与博士团队。团队潜心医学影像研究领域超过20年，在放射、病理、放疗、内窥镜、超声等多个领域积累深厚，曾在十六项国际医学影像AI识别挑战赛中战胜来自顶尖企业和研究机构的强劲对手获得冠军，并在CVPR、ICCV、AAAI、MICCAI、MIA、JAMA等顶级刊物和会议上发表论文五十多篇，团队成员三次获得最佳论文奖。目前团队80%的成员均是研发人员，并且已经与香港中文大学深圳研究院等建立了联合实验室，与全国超过一百家医院建立合作，推动产学研医的深度化合作。",2018-06-26 08:00:00,https://www.chinaventure.com.cn/cmsmodel/news/detail/328072.shtml,投中网,视见科技完成总额1亿元A轮融资
"6月25日消息，江苏长虹智能装备股份有限公司已于近日完成超1亿元B轮融资，本轮资方为科技部旗下国投创业基金（国投创业）。本轮融资将用于引进人才、提升智能制造水平、扩充产能（厂房、设备）等方面。据了解，此前长虹智能分别于去年8月、今年1月分别完成 2 轮融资，加上本轮，三轮融资总额近3亿。
 
  长虹智能成立于1989年，公司主营汽车自动化生产线系统的研发、设计、生产、销售、安装调试等业务，为汽车整车制造企业提供自动化生产线总成系统。目前，涂装自动化生产线是长虹智能的核心产品。据悉，企业拥有具有机械设计甲级资质的民营设计院，并与清华大学保持了长期的产学研战略合作关系。在涂装工艺领域，长虹智能拥有多项应用在汽车、船舶、导弹上的相关专利。
 
  长虹智能目前已与国内数家车厂达成合作，并为其提供汽车工艺加工服务。",2018-06-26 07:42:00,https://www.chinaventure.com.cn/cmsmodel/news/detail/328169.shtml,猎云网,长虹智能完成超1亿元B轮融资，科技部旗下国投创业基金投资
"6月25日，蓝领及服务业岗位招聘平台FindWork宣布获200万美元种子轮融资，投资方为其天使投资人Bernard Chong。
 
  Chong是一位著名的东南亚科技创企投资人，他的投资组合包括ASI Studios和Synergy88 Digital等菲律宾创企。
 
  这家公司由Kevin Williams和Allen Tan两位联合创始人创立于二月份，FindWork的目标就是帮助用人单位更好地连接蓝领和服务业求职者。
 
  目前它的运营范围主要在印尼和菲律宾，公司表示自成立以来，已经为大约有3万名求职者和500多家公司提供过服务。
 
  FindWork每周同比增长率为15%，公司的客户包括印尼的Alfamart、Burger King，以及菲律宾的Fruitas、Ministop和星巴克等。
 
  这家公司计划利用这笔融资去获取更多客户，并进行人才招聘（尤其是技术团队）和区域扩张，马来西亚是它的下一个目标。
 
  目前FindWork的移动应用已经登录了安卓平台，它的功能包括求职申请追踪系统、岗位供应社交广告算法、“fingerprint plus”（该功能可以记录用户从广告互动到求职申请的过程，从而进行关键受众识别）和平台内部消息服务（主要用于欺诈预防）。
 
  在媒体采访中，这家创企表示蓝领和服务业的跳槽率非常高。目前它所在市场预计共有1亿工作人员。
 
  “我们想要通过智能和直观的方法减轻求职和照片过程中的困难，从而为东南亚的人群创造价值。”Williams说道。",2018-06-26 07:32:00,https://www.chinaventure.com.cn/cmsmodel/news/detail/328170.shtml,猎云网,帮助蓝领工人寻找合适岗位，FindWork获200万美元种子轮融资
"6月25日，国内电子烟品牌RELX悦刻宣布完成首轮3800万人民币融资，本轮融资由源码资本领投、IDG资本跟投。RELX悦刻创始人汪莹表示，此次融资资金将主要用于持续投入产品研发和用户服务体验升级。
 
  继RELX悦刻在国内推出惊艳市场第一代产品后，2018年底将在中、欧、美、日等市场分别推出第二代新产品，二代产品的重点在于提升用户使用体验和个性化。
 
  相比于电子烟市场其他产品，RELX悦刻的特点为：轻巧、方便、安全、效果好。0操作成本，拿到直接吸、不用等、不用清洁、充电快、续航久。“RELX是你见过最容易使用的电子烟。” RELX悦刻创始人汪莹表示。
 
  相比于国际电子烟市场领先品牌，全球第一大烟草公司菲利普莫里斯国际公司生产的IQOS，RELX悦刻有两大特点：
 
  一是0清洁保养要求。一样的健康追求，无需等待、0清洁要求避免了用户因为保养不当所可能产生的异味和危害。
 
  二是烟弹1敌60。一样的替烟效果，RELX一颗烟弹抵60支IQOS烟弹，携带和使用都更方便，不用频繁插插拔拔丢烟头，也更经济实惠。一个烟弹可用数天，想吸就吸，不吸就停，电池续航一整天。
 
  源码资本合伙人黄云刚表示：“RELX团队放眼全球，在做一件社会价值巨大的事情。CEO汪莹曾在宝洁、优步、滴滴工作，在过往的事业中展现出很强的领导力。一流的创始团队兼具硬件、消费品和互联网的复合经验，非常适合做这件事。我们很期待RELX团队给行业带来更多的创新。”
 
  IDG资本合伙人牛奎光表示：“RELX在产品创新、用户体验等方面都做出了自己的特色。从用户需求出发，RELX团队认真执著，他们在消费及互联网领域均有深厚的积累和沉淀，作为投资人我们看好RELX团队，很高兴参与了公司的首轮融资。”
 
  RELX悦刻的创始团队来自OPPO、华为、中科院、欧莱雅、宝洁、优步。“我们最开心的时刻，就是听到用户说‘用了RELX悦刻以后气管炎都好了’、‘用RELX悦刻一个月了，我一根烟都没抽过’——听到这些反馈就是我们团队的‘愉悦时刻’，RELX中文名因此叫 ‘悦刻’。”汪莹表示。
 
  RELX悦刻创始人汪莹说：“我们的团队成员以前基本都吸烟。作为生活中的奋斗者，香烟对于我们是一个陪伴。我们并非不知道吸烟对健康的不利影响——团队成员中，有人的父亲因为在人生低谷时过度吸烟而患肺癌去世。现在，我们投身其中去助力改变。我们的使命是加速全球十亿烟民向更健康、更愉悦的吸烟方式转变。愿好饮烟者，悦然无忧。”",2018-06-25 18:37:00,https://www.chinaventure.com.cn/cmsmodel/news/detail/328148.shtml,投中网,RELX悦刻宣布完成天使轮3800万人民币融资 由源码资本领投、IDG资本跟投
"2018年5月2日，国内民用行业领先的多旋翼无人机操作系统供应商和行业整机方案解决商（企业注册名：中山汉鲲智能科技有限公司，简称汉鲲智能）宣布完成近千万元Pre-A轮融资，德乾资本领投。
 
  新成立的汉鲲智能是整合原中山飞旋天行航空科技有限公司、北京飞旋天行科技有限公司全部业务资源的全新平台，将持续以无人飞行器智能操作系统为核心，面向行业级无人机市场，提供端对端的无人机行业应用方案和系统大数据服务。
 
  原北京飞旋天行科技有限公司由德国归国学者李翔博士于2012年10月成立于北京工业大学留学生创业园。李翔博士本科于北航自动控制系毕业，2002年从航天五院完成硕士研究生教育之后去德国留学，于2009年获得德国图宾根大学机器人技术专业博士学位，于2012年德国斯图加特大学系统理论和自动控制学院博士后工作站出站。
 
 

 图中为李翔博士在签约现场
 
  原中山飞旋天行航空科技有限公司由李翔、李小珊、杜强作为联合创始人于2015年4月成立于广东中山中国留学生创业园，主要对接测试应用和市场推广。成立至今，相继获得中山市政府认定的创新创业团队、重大科技专项执行团队、中山留学生创业园优秀孵化企业、国家高新技术企业等一系列殊荣。
 
 

 图为创始团队2015年8月参加第三届珠江天使杯科技创新创业大赛获得先进制造业组三等奖时的合影，左起：李翔、杜强、张勇、李小珊。
 
  李翔博士表示：汉鲲智能的无人飞行器智能操作系统是软硬结合的智能产品，硬件性价比高，软件内容完善和丰富。它包括了无人飞行器导航控制系统、无人飞行器地面站智能监控系统和无人飞行器云端数据服务系统三部分内容。 不仅仅是无人飞行器的核心软件系统， 更是打通了无人飞行器的核心数据从产生、流通到专业应用的全链条环节。
 
 

  其中预装公司操作系统产品的植保无人机入围农业部2017年对六省市的首批植保补贴名单，该补贴累计补贴额为6000万，在全国42家入围企业里覆盖范围排第二。
 
  汉鲲智能已陆续成功进入了农业植保、电力检测、气象服务、警用安防和光伏场检测等行业市场，在实际应用中积累的丰富经验，将有力推动公司产品在无人机的各个应用领域创造新价值。
 
 

  2017年6月，在深圳国际无人机展上，公司在国内率先发布了无人机机群集中管理系统，对无人机安全有效的监管成为现实，该技术让市场为之侧目。公司坚信，通过与合作伙伴密切实现定制化、专业化的无人机操控方式及标准化行业作业流程，辅以集合的大数据，提供给广大用户最直观、最直接的无人机应用数据信息和专业服务，是我们的必达使命。
 
  无人机行业还面临许多亟待解决的问题,譬如专人专机负责制、作业流程与行业标准的融入、不同行业定制标准等等。
 
  随着优质资本的介入，汉鲲智能将持续巩固自身在无人飞行器智能操作系统领域优势，加速实现无人机应用的增量价值创造，在未来两年内一定能为赋能、重构无人机平台生态系统尽自己的一份力。",2018-06-25 14:58:00,https://www.chinaventure.com.cn/cmsmodel/news/detail/328141.shtml,投中网,汉鲲智能获千万级Pre-A轮融资，德乾资本领投
"6月25日消息，国内农业产业链金融科技公司EMI一米信息宣布完成百万美元Pre-A轮融资，由GGV领投，经纬中国和九合创投继续跟投。2017年底，经纬中国曾领投一米信息天使轮融资，此次持续加码Pre-A轮融资。
 
  据了解，一米是一家有大宗农产品期货价格风险管理基因的金融科技公司，以价格保险切入农业产业链，进而挖掘和发挥保险保单作为贷款的增信功能和风控手段，撬动低风险偏好的银行资金，帮助新型农业经营主体解决资金难题。
 
  经纬中国合伙人肖敏表示：“自经纬投资一米以来，公司半年时间，就获得多家一线投资机构的青睐，一方面是因为国家政策持续利好，公司发展的节奏步步踩到了点上，另一方面则是公司核心团队的基因，在整合金融行业资源、金融产品组合设计、金融工具如何发挥价值、金融如何配套农业和实业等方面有天然的优势和高门槛，其打出的‘保险+信贷+期货期权’配套服务农业的组合拳目前在中国具有前瞻性。”",2018-06-25 14:45:00,https://www.chinaventure.com.cn/cmsmodel/news/detail/328090.shtml,亿欧网,一米信息获百万美元Pre-A轮融资，GGV领投
"今日消息，有声阅读平台懒人听书完成C轮2亿元融资，由上市集团时代出版、前海天和、孚惠成长携手领投。完成融资后，懒人听书将成为同时拥有阅文集团和时代出版两家版权巨头资源加持的有声阅读企业，有望在原创文学资源以外，进一步扩充精品出版物有声书版图。
 
  懒人听书2012年上线以来，专注有声阅读领域，最新数据显示，平台注册用户达3.2亿，月活、日活用户分别高达4000万、1500万，活跃用户每天在线时长超过120分钟。
 
  上线至今，懒人听书不断完善内容版权布局，提升行业优势项目，业已从最初的听书平台发展为集听书服务、主播培养、商业服务、社区互动于一身的综合性有声阅读交流平台，平台内容丰富多样，囊括了传统出版物、原创文学、儿童读物、电台等多种类型，目前总内容时长超过100万小时，满足各年龄层、各类别收听人群的全内容收听需求。
 
  据悉，懒人听书自2016年尝试精品书籍付费模式以来，2017年付费收入超亿元，已实现盈利。截止目前，懒人听书平台精品有声书占比为10%，用户付费率为3%左右，高于行业平均水平，而参考成熟的视频行业付费率20%，有声书付费的未来可期。
 
  懒人听书创始人兼CEO宋斌表示，此次融资的2亿元将主要用于版权引进与内容打造，进一步加磅优势内容，改善用户体验。一是继续发挥在原创文学和传统出版物上的相对优势，加强与出版社、专业内容生产机构的合作，引进国内外优质头部IP版权资源，保证内容资源的丰富性与持续性；二是打磨精品书籍付费模式，在付费收听的风口下，开发多元化精品读物，以满足不同用户的收听需求；三是挖掘和培养精英主播团队，加大生产力度，创建精品有声书品牌，孵化并打造属于有声行业的现象级音频IP，以声音价值赋能整个出版行业。据介绍，目前懒人听书已在北京、深圳设立创作基地，发掘培养优质主播，搭建专业团队，还为内容制作者制定了多种收益政策，最大限度地保障生产者的经济收入和产出权益，以此保证音频内容质量。
 
  有声阅读近年来发展势头强劲，尤其在“知识付费”呈现疲软状态之后，有声阅读以其因其娱乐性以及更广泛的用户基础备受用户与市场的青睐。据艾媒咨询数据，预计2018年有声书市场规模将达到45.4亿元。如此庞大的市场规模，也引来多家企业纷纷加码，形成了群雄逐鹿的竞争局面。而以“内容立命”的有声阅读行业，优质内容是平台的竞争之本，且具有极强的带动力，不但能满足用户需求，留住用户，更有望赋能文化领域的其它环节，激活整个文化产业。此轮融资领投机构之一，时代出版作为国内出版行业第一梯队企业，近年来积极推动出版主业从数量规模型向质量效益型转变，进一步整合资源，以期打造更多精品出版项目。",2018-06-25 10:19:00,https://www.chinaventure.com.cn/cmsmodel/news/detail/328131.shtml,猎云网,懒人听书获2亿元C轮融资，由上市集团时代出版、前海天和、孚惠成长携手领投
"如果保证图片没被P过？答案是，用Truepic来拍照。这家公司提供了一个相机功能，拍出来的照片自带水印URL，能够让用户直接查看源图片。这样进行对比之后，别人就能知道这张照片有没有被修改过了。
 
  通过这项技术，用户可以分辨在Reddit上做在线问答的博主是不是本人在操作；另外，这项技术还能运用到约会应用、P2P服务等领域。不过，这项技术最大的挑战是，识别AI伪造的假头像（这项技术名为Deepfakes）。如今，很多不法分子在未经许可的情况下，用AI来把一些明星的头像照片移植到了成人影片中。但最严重的情况是，人们通过这一手段来冒充政客。
 
  近日，Truepic完成了一轮800万美元的A轮融资，投资人包括Dowling Capital Partners、Thomson Financial前首席执行官Jeffrey Parker、哈佛商学院教授William Sahlman等。这一轮融资过后，该公司的融资总额达到1050万美元。
 
  Truepic的创始人兼首席运营官Craig Stack说道：“我们很早之前就已经创立Truepic了，但是当时还没有出现虚假图片影响政治选举、数字证据遭到破坏、人权被侵犯等事件。现在我们意识到，这个世界需要Truepic这样的科技来拨乱反正。”
 
  Truepic主要是这样运行的：用户在Truepic的应用（或是其他接入Truepic SDK的应用）上拍了一张照片；接着，Trupic会为其添加水印信息，其中包括时间戳、地理位置代码、URL等其他元数据；之后，Truepic的服务器会存储下这张照片，连带它的6位数代码和URL，并在相应的区块链上添加一个点；然后，用户把自己的Truepic发布出来之后，其他人就能够通过链接来打开源图片，并进行对比查看。
 
  Reddit的问答博主兼Lynch LLP 产权律师Brian Lynch表示：“Truepic的技术能够让我们快速且安全地核实他人信息及要求，它是互联网隐私法律和社会结构不断演变下催生的完美工具。”
 
  图片恶意修改、AI换头等事件给不少人带来了困扰。Truepic首席执行官Jeff McGregor说道：“我们已经在离线图像和视频分析方面展开了研究，并且运用了一些法医技术，以解决AI换头之类的伪造事件。在视频数千帧的范围里，不可能完美地呈现出耳朵、头发、眼镜之类的细节。即使我们能够识别出几个假帧，也足以证明这个视频是伪造的。”
 
  虽然这种事件层出不穷。但至少，Truepic的技术能够让媒体、以及视频平台的内容创作者保持真实。据悉，这家创企还开始与非政府组织合作，核实相关文件。
 
  McGregor总结道：“互联网很快就要变成充满虚假信息的垃圾堆了。那些诈骗犯充分利用了用户的天真，以及社交平台的传播性，让数十亿网络用户开始质疑自己。我们的目的是，把人与人的信任重新带回互联网。”",2018-06-25 07:03:00,https://www.chinaventure.com.cn/cmsmodel/news/detail/328092.shtml,猎云网,Truepic完成800万美元A轮融资，让恶意修图、AI换头无所遁形
"6月22日晚间消息，58集团宣布将投资我爱我家集团并获得8.28%的少数股份，总金额为10.68亿元。我爱我家将继续保持其独立运营和发展。
 
  同时，58集团宣布，将与行业多家投资者共同发起一支房地产行业基金，面向经纪公司、高科技技术公司以及行业服务公司进行价值投资。
 
  58集团CEO姚劲波表示：“58同城、安居客、赶集网和我爱我家在房地产服务链条上有天然的互补优势，58集团在房地产生活服务方面，始终致力于为全国广大经纪公司和经纪人提升运营效率提供服务，坚持‘永不自营’的开放平台定位。多年以来两家公司保持着良好的合作，未来也将通过房地产信息平台与经纪公司的业务协调机制，在信息质量、SaaS服务等方面取长补短、有机融合，共同推动全行业真房源这一长效机制的建设。”
 
  58集团方面表示，此次入股我爱我家，源于看重其专业的房地产经纪服务团队，清晰的行业视野和稳固的业绩表现，以及我爱我家、相寓等品牌在线下经纪服务行业的良好口碑，将对整体房产经纪行业发展产生促进作用，双方的合作也将实现平台与经纪公司的分工与共赢。
 
  姚劲波表示：“随着二手房和租房市场将迎来巨大的增长机遇，58集团计划与投资者和合作伙伴推出一支房地产行业基金，共同探索房地产服务行业的潜在投资机会。我们希望通过此次合作，助力像我爱我家这样的合作伙伴，共同推进全行业真房源系统构建和信息治理，并联合优质企业共同推进MLS（房源信息共享数据库）平台的建设。”
 
  58集团方面表示，未来还将通过房地产行业基金，在更多城市、面向更多不同规模的优秀企业挖掘潜在投资机会，通过战略资本、企业资源助力行业升级和优化。",2018-06-23 07:30:00,https://www.chinaventure.com.cn/cmsmodel/news/detail/328061.shtml,新浪科技,58集团10.68亿元投资我爱我家
"近日，玩咖欢聚宣布完成C轮融资，投资阵容包括政府参与引导的富坤创业投资，形成了多样稳定的投资者结构，值得一提的是，央企中国人保的香港资产管理子公司也选择战略转股。
 
  玩咖欢聚公司主营业务以自主研发的、具备人工智能技术的DAPG平台(Data AI Platform Groups)为核心，向手机厂商提供移动互联网生态商业化智能服务解决方案，向各行业客户提供满足其行业特性的定制型服务平台。未来在诸多的商业应用场景均有望得到广泛的应用。
 
  此次融资是玩咖欢聚作为互联网生态服务商，拓展现有的泛娱乐领域业务至新领域的里程碑。互联网环境将成为金融业未来发展的土壤，人工智能和大数据的应用可以帮助金融企业开发互联网新产品，加大客户触达频次，成为提升产品渗透率的新一波重要推动力。玩咖欢聚作为互联网新生态的建设者，积极创造多元化的服务平台，并使之在技术底层交互融合，最终有效地帮助不同领域客户实现他们的商业意图。",2018-06-22 16:34:00,https://www.chinaventure.com.cn/cmsmodel/news/detail/328053.shtml,投中网,玩咖欢聚完成C轮融资，中国人保子公司战略入股
"今日，邮宝宣布6月完成1500万元的Pre-A战略融资，宝泉钱币领投。此前，邮宝今年1月刚完成了300万元的天使融资。完成本轮战略融资后，邮宝将继续深化大数据平台建设，让邮宝APP上的数据更快、更准，让邮宝APP上的交易更快、更安全。
 
  邮宝APP产品是一款邮币卡现货交易服务平台软件。邮币卡收藏者可以随时查询所有邮票、钱币和磁卡的实时市场成交价格，并能通过APP完成邮币卡的买卖。
 
  APP能展示邮币卡行情，使用了分类+个性定制的手段，使得用户比较容易在万余种邮币卡产品中锁定自己的目标。另外，邮宝还提供了按照志号、年代排列的邮币卡全目录。
 
  此次领投邮宝的宝泉钱币为国内知名贵金属品牌，是一家集贵金属设计、研发、生产、物流和销售于一体的现代化综合企业，同时还是国内第一家在国家工商局注册的钱币类投资公司。",2018-06-22 14:03:00,https://www.chinaventure.com.cn/cmsmodel/news/detail/328047.shtml,猎云网,邮宝完成1500万元Pre-A轮融资，宝泉钱币领投
"据两名知情人士透露，随着快速发展的外卖领域依旧对投资者有着不小的吸引力，印度外卖公司Zomato正在考虑以20亿美元估值融资4亿美元，主要投资者为原先的投资者蚂蚁金服和淡马锡。
 
  上述提及知情人士表示，上周四公司的主要竞争对手——Swiggy——宣布获得新一笔2.1亿美元融资之后，Zomato随即亦开始寻求新的融资。除了现有的投资者以外，Zomato也在跟阿里巴巴集团商洽，该轮融资可能让公司的投资前估值达16-20亿美元。
 
  Zomato拒绝予以置评。
 
  4月份，外媒“Mint”曾报道，Swiggy和Zomato在分别获得1亿美元和1.5亿美元融资之后的两个月内都在准备下一轮融资。
 
  由于单位经济状况不理想，全球投资者均外卖领域感到信心不足，因为前一阵外卖领域资金紧张。但是随着Uber EATS等新加入者的出现以及Ola收购了Foodpanda，外卖领域形势出现好转。
 
  虽然专家们对印度外媒创业公司的估值仍存在分歧，但Swiggy和Zomato都在积极发展新的城市，不断推出先产品并疯狂燃烧资金来抢占消费者。
 
  汇丰银行在2018年4月发布的一份报告预计，Zomato的运营成本将在2019财年翻倍。
 
  “公司表示运营成本将在2018财年末增加，表明派送领域的发展可能是受到打折优惠的驱动，那么显然，Zomato需要增加对最后一英里的投资以维持发展势头，”汇丰证券和资本市场分析师Rajiv Sharma补充说。
 
  汇丰银行预期，外卖平台将以63%的年复合增长率增长至15亿美元。
 
  Zomato的营收主要来自广告和食品派送。截至2017年3月31日，Zomato的营收翻了一番，达到399千万卢比。并且相比去年，亏损也从590千万卢比减少到389千万卢比。目前，Zomato每月处理的订单价值约为1340万美元。
 
  Swiggy目前在15个城市运营，并在持续发展新的城市。公司声称，其平台上拥有3.5万多家合作餐馆，并在班加罗尔、德里、孟买、普钠、海德巴拉和加尔各答等城市拥有4万多配送人员。",2018-06-22 13:19:00,https://www.chinaventure.com.cn/cmsmodel/news/detail/328045.shtml,新浪科技,印度外卖公司Zomato寻求4亿美元融资，蚂蚁金服或参与
"沃森生物2018年6月20发布公告，盈科资本、观由基金投资3.7亿元参股其控股子公司嘉和生物药业有限公司，嘉和生物估值为人民币34.7亿元。
 
  嘉和生物成立于2007年12月，为国内单抗药物研发与产业第一梯队创新企业，在研产品储备丰富，三大单抗类似药物研发进度领先，创新药上多点布局，是极具增长爆发力的创新型企业。单抗药物临床应用价值巨大，在全球医药市场占比越来越高。随着国内产业政策的重点扶持，CFDA审批体制优化，医保覆盖范围和目录扩大，单抗市场进入增长通道，行业成长空间巨大。嘉和生物的创始人周新华博士曾任全球最大生物制药公司Amgen工艺开发科学总监，2010年3月入选第3批“千人计划”专家。周新华博士及其强大的技术团队，凭借国际领先技术和最优化工艺生产，极大的降低了产品成本，使嘉和生物在行业竞争中保持优势。中国目前还有大量的对高质量临床医药的需求，嘉和研发产品线里的几个重磅产品，例如治疗乳腺癌的赫赛汀替代药品，上市后的价格只有进口药品的三分之一不到，存在巨大的市场需求。
 
  正是看好嘉和生物良好的发展前景和领先同类市场的研发实力，盈科资本参与了本轮对嘉和生物的增资，本次交易的完成标志着盈科资本在生命科学领域的投资再下一城。盈科资本专注于生物医药领域行业龙头的挖掘，在诸多创新生物医药产业进行投资布局，投资了普瑞斯、微康生物、三友医疗、康华生物、景泓科技等数十家知名的生物医药企业，在生物医药领域具有深厚资源和专业优势。盈科资本还与国内知名的CRO 企业泰格医药成立多支新药基金、医药产业并购基金进行生物医药产业布局。",2018-06-22 11:05:00,https://www.chinaventure.com.cn/cmsmodel/news/detail/328038.shtml,投中网,盈科资本战略投资创新药企嘉和生物
"支付平台PayPal正在继续收购更多现代化工具去服务其2.37亿客户。今日这家公司宣布收购欺诈预防公司Simility，价格为1.2亿美元，采用纯现金交易。
 
  之前PayPal就是Simility的投资者，其他投资人还包括Accel、Trinity Ventures等。相关数据表明，这家创企之前完成了将近2500万美元融资，估值达5275万美元。因此这次收购让其投资人也感到满意，这笔交易预计于今年第三季度完成。
 
  在线欺诈涉及买卖双方——有时候可能和组织内部某些人有关系——这是限制电商发展的最大因素，同时也是数字交易领域一个越发严重的问题，它正在往越来越多的平台上扩散。
 
  Simility的方法就是利用一组API和信标来监控数字交易和购买活动，不论这些交易发生在移动端、网页端还是实体环境中。通过机器学习和其他数据源的反馈进行强化，它创造了一种“自适应”风险管理方法：能根据当前的风险可能是什么，来改变方法和保护策略。
 
  收购这样一家公司对于PayPal来说有两层意义：除了它的系统，那些利用PayPal在网页端、移动端和实体环境中进行付款的客户也会受益。
 
  “数字商务已经爆发，欺诈者在研究新的方法来进行犯罪。PayPal已经花了将近20年去研究创新型欺诈预防和风险管理方法，但直到现在，商家仍然没有什么具体方法去管理自己独特的、复杂的业务。在收购Simility后，我们能在商家对抗欺诈犯罪时拥有更多的主动权，使得电商购物体验变得更加快捷安全。”PayPal的首席运营官Bill Ready说道。
 
  Ready在一则博客中描述了这家公司的一站式商务策略，而且目前Simility已经有不少客户和PayPal存在过合作，例如eBay、OfferUp、Dick’s Sporting Goods和Rebtel。
 
  PayPal表示，在这次交易完成后公司将会把Simility的工具推广给平台上的所有商家。",2018-06-22 10:18:00,https://www.chinaventure.com.cn/cmsmodel/news/detail/328036.shtml,猎云网,支付平台PayPal宣布收购欺诈预防创企Simility，交易额1.2亿美元
"Universe是一款iOS应用，它允许用户在一两分钟内建立模块化、简单的网站。而这家创企最近获得了新的融资，以期扩大其业务和雄心。
 
  据悉，这家创企在A轮融资中获得了400万美元的投资，投资者包括Javelin Venture Partners、General Catalyst、Y Combinator、Box Group、Eniac Ventures、Paul Buchheit、Yuri Sagalov和Louis Beryl等。迄今为止，Universe已融资720万美元。
 
  这家创企专注于建设移动网站，旨在绕过桌面优先网页设计公司所提供的更为复杂的方法，让整个过程看起来更像是编辑Instagram照片。目前，该应用已经构建了超过16万个网站。
 
  这家来自布鲁克林的创企于去年正式推出，并携带种子轮融资从Y Combinator毕业。该团队仍然只有3名全职员工；而获得了新的资金之后，该团队正寻求新的人才加入。
 
  “Javelin对Universe感到兴奋，因为我们可以看到一大群内容创作者不需要坐在办公桌前，也不需要花时间和成本来用传统工具开发网站，”Javelin总经理Noah Doyle在一份声明中表示。“我们很喜欢Universe这种基于网格的界面，它可以让任何人都能够设计出高质量的网页，这对艺术家、自由职业者、小型企业所有者和个人来说，都是一场伟大的变革。”
 
  近几个月来，Universe一直在重新思考如何通过高级用户服务来实现货币化。该公司正在从让用户使用自定义URL或花费3美元升级到专业版使用Universe品牌的“点菜”方式，转变成每月平均10美元，并且随着时间的推移获得新功能的模式。
 
  Universe目前只提供iOS版本。",2018-06-22 09:34:00,https://www.chinaventure.com.cn/cmsmodel/news/detail/328024.shtml,猎云网,一两分钟即可建设移动网站，Universe获400万美元A轮融资
"一家总部位于伦敦的创企Beamery在EQT Ventures领投的B轮融资中获得2800万美元投资，这家创企致力于提供“人才CRM”（即候选人关系管理），以及针对快速增长公司的招聘营销软件。
 
  参与此轮融资的投资者还有M12、微软风投基金以及现有投资者Index Ventures、Edenred Capital Partners和Angelpad Fund。Beamery曾于2017年4月在Index领投的A轮融资中获得500万美元的投资。
 
  这家创企的侧重点在于帮助企业赢得“人才战争”，通过采取更具战略性和积极主动的方式来应对未来的招聘，而不仅仅是维护潜在候选人的电子表格。
 
  其平台旨在帮助目标企业建立并管理他们未来可能希望聘用的人才库，以便在人力资源方面走在竞争的前列，包括提供定制营销工具，以培养与未来可能聘用的人员之间的关系。
 
  Beamery软件的客户数量已从2017年4月的50个左右增加到现在的100个，包括Facebook（全球使用）、Continental、VMware、Zalando、Grab和Balfour Beatty等。
 
  它表示，新的资金将用于支持客户增长，其中包括增加在伦敦（HQ）、奥斯汀和旧金山的办公室员工。
 
  它也想扩张到更多的市场。“我们专注于一些世界上最大的全球性企业，这些企业需要在多个时区和地区提供支持，所以这是一种全球性的解决方案，”一位发言人说，“采用该系统的企业往往需要大量招聘人才，这在招聘、候选人经验和雇主品牌方面具有创新性。”
 
  B轮融资中很大一部分资金也将用于研发和生产专注于人力资源技术领域的开发。
 
  “在所有行业中，都正在兴起通过技术转向主动招聘的趋势，而Beamery正在成为这一类别的领导者，”EQT的风险主管和投资顾问Tom Mendoza在一份支持声明中补充道。
 
  “Beamery拥有出色的产品，世界级的高野心创始人，以及杰出的分析驱动团队。他们一直致力于构建最佳人才CRM和营销平台，并深入了解整个行业的问题。”",2018-06-22 09:30:00,https://www.chinaventure.com.cn/cmsmodel/news/detail/328022.shtml,猎云网,伦敦创企Beamery获2800万美元B轮融资，致力于打造人才CRM
"美国科技媒体The Information21日援引知情人士消息称，小猪短租正与投资者展开谈判，寻求1亿美元新一轮融资，目前仍在初期阶段，投资者尚未承诺达成协议。新浪科技就此向小猪短租方面确认，对方不予置评。
 
  去年11月，小猪短租完成由云锋基金领投的1.2亿美元E轮融资，估值超10亿美元。数据显示，目前小猪短租的全球房源已经突破35万，覆盖国内395个城市和海外225个目的地，拥有2800万活跃用户。
 
  小猪短租成立于2012年8月，是一家C2C模式的分享住宿平台。2012年12月，小猪短租获得晨兴资本近千万美元A轮融资；2014年6月，获得1500万美元的B轮融资，君联资本领投，晨兴资本跟投；2015年7月获得6000万美元C轮融资，愉悦资本领投，晨兴资本、中信资本、和玉资本跟投；2016年11月获得6500万美元C+及D轮融资，其中包括今日资本于去年底的C+轮融资，以及由愉悦资本和BAI（贝塔斯曼亚洲投资基金）领投，晨兴资本、今日资本与和玉资本跟投的D轮融资。
 
  与Airbnb不同的是，小猪短租推出了小猪保洁、智能设备等服务，完善房屋的线下体验。同时小猪短租还成立了线上运营及线下管理团队，为房东提供服务，并定期邀请房东参加营销推广活动。
 
  今年4月，小猪短租宣布与Agoda（安可达）达成全球战略合作伙伴关系。双方将在房源打通、技术与服务创新、品牌营销等领域展开多项合作。4月底，飞猪宣布与小猪短租达成深度战略合作，双方结合飞猪的“信用住”体系，通过小猪短租向飞猪平台用户提供“先住后付”的免押金共享住宿服务。而在21日，飞猪宣布上线民宿短租频道，小猪短租成为首批接入房源的品牌提供方。",2018-06-22 09:18:00,https://www.chinaventure.com.cn/cmsmodel/news/detail/328017.shtml,新浪科技,传小猪短租寻求新一轮1亿美元融资，回应：不予置评
"6月21日，太合音乐集团对外宣布，公司已完成十亿人民币量级的新一轮融资，本轮投资方包括君联资本、国创开元和中泰创汇。
 
  太合音乐集团是一家覆盖音乐全产业链的机构，2015年，百度音乐和太合音乐合并。
 
  此前曾获得厚德前海基金、百度等投资，本轮融资仍未透露具体估值。太合音乐集团董事长钱实穆表示，未来将继续加深、加快对音乐产业的战略布局，推动华语音乐产业的发展。
 
  太合音乐集团旗下拥有太合麦田、海蝶音乐、大石版权、亚神音乐、兵马司唱片等众多华语音乐厂牌，并与数百位音乐人保持良好合作，注重音乐内容的品质和持续创作能力；在演出领域，太合音乐集团每年制作、主办或投资大型演唱会百余场，旗下秀动是国内最大的独立音乐演出服务平台，占据LiveHouse线上票务70%以上的市场份额；太合音乐集团同时不断扩张音乐服务场景，通过千千音乐、秀动、Owhat、LavaRadio等交互平台，触达超过5亿用户。",2018-06-22 09:15:00,https://www.chinaventure.com.cn/cmsmodel/news/detail/328016.shtml,新浪科技,太合音乐集团完成10亿元量级新一轮融资
"日前，太合音乐集团对外宣布，公司已完成十亿人民币量级的新一轮融资，本轮投资方包括君联资本、国创开元和中泰创汇。
 
  太合音乐集团是中国领先的音乐服务提供商，也是唯一一家覆盖音乐全产业链的机构。在过去的三十余年中，太合音乐集团专注于内容生产与运营，持续融汇音乐产业的优质资源。
 
  太合音乐集团此前曾获得厚德前海基金、百度等投资，本轮融资仍未透露具体估值。太合音乐集团董事长钱实穆表示，未来将继续加深、加快对音乐产业的战略布局，推动华语音乐产业的发展。
 
  太合音乐集团旗下拥有太合麦田、海蝶音乐、大石版权、亚神音乐、兵马司唱片等众多风格迥异的华语音乐厂牌，并与数百位音乐人保持良好合作，注重音乐内容的品质和持续创作能力，形成了本土最大的华语音乐曲库；在演出领域，太合音乐集团每年制作、主办或投资大型演唱会百余场，旗下秀动是国内最大的独立音乐演出服务平台，占据LiveHouse线上票务70%以上的市场份额；太合音乐集团同时不断扩张音乐服务场景，通过千千音乐、秀动、Owhat、LavaRadio等交互平台，触达超过5亿用户，在大众音乐娱乐消费中具有巨大的影响力。",2018-06-21 17:34:00,https://www.chinaventure.com.cn/cmsmodel/news/detail/327997.shtml,猎云网,太合音乐集团完成十亿人民币量级的新一轮融资，投资方包括君联资本、国创开元和中泰创汇
"全国领先的社区垂直营销一站式服务商上海亿投广告传媒有限公司（以下简称“亿投传媒”）近日宣布获得1亿元B轮融资，投资方包括汇纳科技、京基资本、时代资本、碳云智能和景域集团等。完成本轮融资后，亿投传媒估值超过10亿元。
 
  亿投传媒是最早铺设中高端社区公告栏媒体的户外传媒公司，相比分众等运营电梯广告的户外媒体，亿投传媒在获取社区媒体点位流量的同时，更掌握着众多社区物业资源。凭借兼具文化式社区活动和服务式信息渠道两大特性的独特产品模式，以及其媒体资源属于主动型观看的“住宅楼宇第一眼媒体”、更吸引消费者主动观看，亿投传媒在过去三年里发展迅速。
 
  目前，在全国范围内，亿投已有近5万个中高端楼宇媒体点位，覆盖北京、上海、广州、深圳、南京和杭州六大核心城市的超过2000个中高档居民社区。
 
  楼宇户外媒体增速已超互联网 
 
  近年来，随着来自互联网、教育、旅游、消费品等行业客户户外投放需求的巨大增长，户外广告行业市场增长迅猛。
 
  相关数据显示，2017年各媒介广告中，影院视频刊例花费增速最高（25.5%），电梯电视（20.4%）、电梯海报（18.8%）和互联网（12.4%）亦维持双位数以上增速水平。其中特别得亮点是楼宇户外媒体增速首次超过互联网。
 
  同时，公司近年来积累了众多广告客户，其中包括中国电信、中国移动、新世界集团和立白集团等客户。同时也获得了包括优信、瓜子、每日优鲜和携程等很多互联网创业公司的青睐。特别需要指出的是公司媒体今年来同时获得了众多优质教育企业的认可，其中包括哒哒英语、轻轻家教、VIPKID、51talk、精锐教育、英孚教育和嗨课堂等。
 
  对于获得本次融资，亿投传媒创始人包一晨表示，从1.0公告栏的产品形式一直到即将问世的楼宇电梯智能电子屏产品，我们一直立志于尽快打造成中国最大的中高端社区线下流量平台。亿投传媒是一支富有理想与激情的团队，与生俱来地具备着“改变一些什么”的历史使命，不断创新也是公司发展重要的原动力。团队坚持资源加技术双驱动，开发并使用数字化技术更高效率地为客户提供品牌咨询及传播服务。
 
  优势资源布局社区中高端人群，运营模式获投资方认可 
 
  亿投传媒的中高端社区覆盖人群以“高学历”、“高消费”、“高收入”为主。所有亿投传媒的公告栏都在小区电梯等候厅的位置，这个位置是居民回家的第一路径，也是距离家庭决策最近的场景，可以让有需求的消费者需求转化更快更容易。
 
  对于本次投资，时代资本合伙人张自权表示，“作为亿投传媒的投资方，时代资本一直关注亿投的发展。亿投传媒目前在北京、上海、广州、深圳、南京和杭州拥有大量优质媒体点位，近期也将开拓其他二线城市，公司团队具备持续业务渠道拓展的能力，这将成为亿投未来行业成长的核心驱动力。我们认为亿投拥有优秀商业模式以及竞争优势，对其未来发展很有信心。
 
  汇纳科技董秘张豪表示：亿投传媒拥有一支年轻化、专业化的团队，富有朝气且互补性强，乐于接受挑战及新鲜事物。依托于分布广泛的战略性客户资源、遍布全国各大城市的中高档住宅楼宇框架媒体及其升级形态，亿投传媒正跑马快上，打造新时代信息渠道传播链条，并持续为股东及社会创造价值。汇纳科技旨在运用ABI技术（AI人工智能+Big Data大数据+loT物联网），为线下场景提供数据采集服务、数据管理服务和数据运营服务，其与亿投传媒在线下应用场景的互补完善性、产品服务内容的广度及科技性、数据延伸价值的深入挖掘等多个方面存在天然契合点。汇纳科技与亿投传媒已在业务、资本等层面建立起了战略合作关系，并将持续推进和深入。
 
  曾经参与亿投A轮投资的可可资本合伙人王岩表示：“亿投传媒在已然成熟但非常巨大的媒体广告行业中坚持产品和渠道创新，集中优势资源布局中高端客户和一二线城市媒体资源，对一线城市的受众资源也通过高密度覆盖，以最高效率的为目标客户提供高性价比的品牌传播服务。这反映了亿投管理团队高度的战略布局能力和极具狼性的拓展精神。”
 
  下一步，亿投传媒将继续扩大全国媒体资源版图，进一步深耕全国主要一线城市媒体点位的同时，加大二三线城市的开发力度。同时通过智能电子屏业务，争取在未来两年内实现国内一、二线城市的数字化、智能化和网络化布局。在广告销售方面，公司在已有优势领域之外，还将聚焦于汽车、金融和快消领域。",2018-06-21 16:35:00,https://www.chinaventure.com.cn/cmsmodel/news/detail/327993.shtml,投中网,亿投传媒获1亿元B轮融资，汇纳科技、京基资本、时代资本、碳云智能和景域集团等投资
"近日，由商汤科技领投，浙江禾连网络科技有限公司（以下简称：禾连健康）宣布完成7500万美元B轮融资，创下医院创新场景应用领域单笔融资记录。此轮融资后，禾连健康成为市场估值接近10亿美元的独角兽公司。
 
  商汤科技联合创始人、战略投融资负责人徐冰表示：“通过战略投资禾连健康，商汤科技将丰富的AI技术加快落地医院场景，与禾连健康一起深入布局智慧医疗领域，以AI原创技术赋能医院和推动医疗产业升级。”
 
  禾连健康联合创始人、副总裁叶安平表示：“禾连健康获得B轮融资后，将继续巩固医院场景应用的优势，通过利用AI、物联网及大数据的综合技术实力，加快深度布局医院智能管理系统，更高效的服务医院、医生、患者。”",2018-06-21 13:50:00,https://www.chinaventure.com.cn/cmsmodel/news/detail/327982.shtml,亿欧网,商汤科技领投禾连健康B轮7500万美元融资
"据媒体报道，微课教育服务商 “微课之家” 宣布，近日完成了由东莞多维教育集团领投的2500万元Pre-A轮融资，资金将用于产品迭代、优化服务体系及市场推广。
 
  微课之家隶属于武汉均衡教育科技有限公司，主要为体制内中小学、老师和学生提供微课教学服务，目前产品有二：微课制作工具“汗微·微课宝”和微课教育平台“微课之家”，针对K12教育提供从制作到教学应用的一体化微课解决方案。",2018-06-21 11:50:00,https://www.chinaventure.com.cn/cmsmodel/news/detail/327983.shtml,亿欧网,微课之家获2500万元Pre-A轮融资，东莞多维教育集团领投
"去中心化的线下商业交易系统SLife获万向区块链与泛城资本领投的1500万美金投资，旨在为实体经济赋能。
 
  根据官方消息，SLife宣布完成首轮融资，投资机构包括万向区块链、泛城资本、比升资本、时戳资本、科银资本、哈鲁资本、NBC、犇睿资本、循理资本、涡轮资本等20多家知名基金。
 
  SLife是一个去中心化的线下商业交易系统，致力于链接全球线下消费商业空间与消费者，重构商业消费关系，基于区块链的技术与经济模式创新，向实体商业提供更好的媒体营销、用户社群、普惠金融等服务协议及应用工具，建立线下商业与消费者共建共享共有的全新社区生态。",2018-06-21 11:48:00,https://www.chinaventure.com.cn/cmsmodel/news/detail/327977.shtml,亿欧网,SLife获1500万美金融资，万向区块链、泛城资本领投
"6月21日，联想创投被投企业当红齐天集团宣布获得由华侨城文化集团领投，芒果文创基金跟投的数亿元Pre-A轮融资。据悉，这是目前为止全球VR领域金额最大的一笔融资。本轮融资后，当红齐天将进一步推动SoReal（焕真）线下体验乐园的落地，将文创内容与定制化主题馆有机融合，打造集视觉效果、丰富内容与VR科技于一身的娱乐综合体。2016年11月，联想创投完成了对当红齐天及SoReal品牌数千万元天使轮投资，并达成战略合作。 
 
 

 当红齐天集团创始人齐笑
 
  联想集团高级副总裁、联想创投总裁贺志强表示，“在智能互联网的时代，联想创投在联想集团肩负着通过资本和创业者的力量为联想布局未来的使命，我们专注智能互联网核心链条的投资并相信其产业机会将颠覆所有行业，极大提升整个行业和社会的效益。AR/VR、设备+云服务是联想创投重要的投资方向， 也是我们对外合作与投资的重要依托点，我们非常看好当红齐天在VR产业的增长实力及其科技文化品牌的核心竞争力，相信双方一定能够在构筑线上线下VR新生态链、打造具有中国特色的文化科技品牌方面创造更多惊喜、实现产业升级。”
 
 

 贺志强看好AR、VR将成为下一代计算平台
 
  创立于2015年的当红齐天集团，是一家以虚拟现实（VR/AR）为主要科技手段、致力于打造极致沉浸式社交娱乐体验、集“内容制作+IP运营+数字实景娱乐”于一体的科技文化公司，业务涉及线下乐园的设计制作与落地、VR/AR游戏研发制作、顶级IP的开发和运营以及旅游地产项目等。公司创立的国际娱乐品牌“SoReal焕真”，目前是业内最受关注的娱乐科技文化品牌之一，其第一家VR体验店、也是全球第一家真正意义的VR线下主题乐园——SoReal焕真北京王府井旗舰店，也于2017年正式开门迎客；据了解，未来“SoReal焕真”的品牌不仅将在国内落地打造城市名片，并且将响应“一带一路”文化输出的号召，打造走出去的中国文化科技品牌。著名导演张艺谋是当红齐天的联合创始人之一，亦是该公司的艺术总监，这也为定位于“VR娱乐生态”的当红齐天赋予了更强大的IP资源和更多的艺术力量。
 
  2016年是VR产业化的元年，随着产业链的发展，我国VR产业的发展仍然处于起步阶段。艾瑞咨询近期报告显示，预计到2021年国内VR市场规模将高达790.2亿元，VR内容市场规模为386.4亿元，VR体验馆也将达52.5亿元，中国将成长为全球主要的VR市场，而当红齐天成立以来在逆势中实现短期内超盈利并接连获得包括联想创投等知名企业和机构投资，不得不说是一个值得关注的案例。
 
  联想在AR领域的布局由来已久，早在2012年，联想新视界就开始着手智能眼镜相关研究，成功推出new glass智能眼镜，一举成为公安、交通、医疗、电力等垂直行业解决方案的领先供应商；在VR领域，在研发VR HPC和8K高清头显之外，联想集团与SoReal线下业态（超体世界、超体空间、超体胶囊等）的全方位合作以及联想创投对其的战略投资，也成为联想布局互联网及智能生态的重要举措。而作为联想旗下的全球科技产业基金，联想创投通过投资手段为联想布局包括VR/AR在内的核心技术智能生态，不仅在内容领域投资了VR游戏制作商铃空游戏，还布局了专注于VR/AR设备的美国增强现实公司Meta。
 
  未来联想创投将继续依托资本、人才等力量，并集合联想集团资源，围绕“IoT+边缘计算+云+大数据+人工智能”这一智能互联网的核心投资方向，在“设备+云”的方向上加大发力，推动数据智能和产业的进一步融合，最大化释放智能互联网的效应。",2018-06-21 11:28:00,https://www.chinaventure.com.cn/cmsmodel/news/detail/327976.shtml,投中网,当红齐天完成数亿元Pre-A轮融资，华侨城文化集团领投
"餐饮新零售服务商 “吉刻联盟” 宣布获得数千万美元A轮融资，由五岳天下领投，博信资产跟投。本轮融资将用于拓店，及门店的智能化改造。
 
  吉刻联盟成立于2015年，采用共享厨房模式，在核心商圈租用500平米左右场地后分割为独立厨房出租，以外卖业务为主，堂食为辅，提供厨房设备、统一办证、食材采购等一体化服务。",2018-06-21 11:12:00,https://www.chinaventure.com.cn/cmsmodel/news/detail/327973.shtml,亿欧网,餐饮服务商吉刻联盟获数千万美元A轮融资，五岳天下领投
"6月21日消息，新西兰O2O外卖平台“GOGO到家”近日宣布完成数百万纽币A轮融资（折合人民币为千万级），投资方为连尚网络创始人陈大年，融资将用于拓展本土市场。
 
  据悉，公司创立于2017年4月，服务已在奥克兰上线，定位在新西兰华人市场，日均单量在1000左右。",2018-06-21 11:09:00,https://www.chinaventure.com.cn/cmsmodel/news/detail/327972.shtml,电商报,O2O外卖平台GOGO到家获千万级人民币融资
"近日，ezCater完成1亿美元E轮融资。迄今为止，这家公司公司已经成立了十多年。
 
  ezCater的联合创始人兼首席执行官Stefania Mallett表示：“我们的确是一夜暴富，只是这一夜花费了11年时间。最开始，我们就在我的家里办公。我们推出了一个全国性的平台，帮助企业为其商业会议订餐。”
 
  听起来可能没什么卖点，但事实并非如此。Mallett表示，美国的商务订餐市场规模达220亿美元，并且还在不断增长。
 
  Mallett说道，她的前公司就是去帮助销售人员完成交易的，所以她能够了解用餐在这其中的重要性。事实上，从公司文化的培养到会议效率的提高，餐饮扮演着极为关键的角色。
 
  然而，想要获得当地餐饮业务的准确信息和评价却极为困难。再者，网上下单也并非看似那么简单。虽然现在最后一英里配送服务数量激增，但是大多数餐厅其实并没有准备好接受那些量大的订单。
 
  ezCater提供的服务是，将所有本地的餐饮信息集合到了一个平台上；此外，公司的软件还能够让店主更轻松地管理订单和安排配送。
 
  目前，平台上合作的餐厅数量达到了6万家。当用户下单之后，ezCater就会远程跟踪订单，确保订单顺利完成。如果出现问题，用户也可以直接致电ezCater的客服人员来解决。
 
  据悉，新一轮融资由惠灵顿管理公司（Wellington Management Company）领投，现有投资方Iconiq Capital 及Insight Venture Partners亦有参投。此轮融资过后，公司的融资总额达到了1.7亿美元；目前公司的员工数量为470人。
 
  Mallett表示，在过去的6年里，公司的收入翻了一番。但是，为了保持这一态势，公司将会把目光投向海外市场。不过，她并没有说明会首先进入哪些国家。Mallett提到，她将会在今年夏天发布一份详细声明。
 
  她说：“公司越大，就越难扩大。如果要想实现这一点，我们需要额外的资金。美国是一个很棒的市场，但是其他国家的企业用户也面临着同样的困境。”",2018-06-21 11:05:00,https://www.chinaventure.com.cn/cmsmodel/news/detail/327971.shtml,猎云网,商业会议订餐平台ezCater获1亿美元E轮融资，惠灵顿领投
"消费排行榜App“盖得排行”（Guide Rank）已完成5000万元B轮融资，由赛富基金领投，中银粤财、君盛资本跟投。
 
  据了解，本轮融资主要用于延伸单品内容、拓展城市和增加医疗榜单。
 
  2017年12月，盖得排行宣布完成1000万元A轮融资，投资方为时间资本。
 
  2017年8月，盖得排行宣布完成1000万元 Pre-A 轮追加融资，投资人为粉笔网CEO张小龙，以及互联网投资人黄斌。
 
  2017年5月，盖得排行宣布完成800万元Pre-A轮融资，资方为深圳君盛投资。
 
  2016年，获得博雅天下千万级天使轮融资。
 
  公开资料显示，盖得排行成立于2016年5月，创始人为资深媒体人李铁。盖得排行以排行榜的形式呈现的居民日用消费生活大辞典。用户在购买商品及服务前，可以在盖得排行App查阅相关消费对象在其行业领域的排名，以作出最有利的消费决策。
 
  盖得团队广泛采集全球最权威最完善的消费评测数据，结合独立调研评测，已陆续推出871个商品排行榜，覆盖5392个全球顶级品牌。
 
  2017年下半年以来，盖得排行陆续推出13个城市的消费指南榜单，为所在地居民提供本地美食、酒店、医疗、教育等各种生活服务的消费参考。盖得排行将长期致力于以排行榜为载体的消费信息梳理，期待成为消费升级时代中国居民的消费圣经。
 
  值得一提的是，盖得排行将长期致力于公信力建设，谢绝一切竞价排名，以工匠精神打造每个榜单。盖得排行一切评测与排名，概不考虑盈利问题，而以科学公正为唯一考量标准。
 
  目前，盖得排行的月活超过200万，商品榜涉及1000多个商品品类，覆盖的城市为北上广深杭，即将在苏州和香港上线。
 
  据悉，类似于盖得排行平台的有什么值得买、小红书、淘宝头条等。",2018-06-21 10:59:00,https://www.chinaventure.com.cn/cmsmodel/news/detail/327970.shtml,猎云网,消费排行榜App“盖得排行”完成5000万元B轮融资，赛富基金领投
"近日，法国创企Feed从Alven和Otium Brands那里筹集了1740万美元融资，Feed主要在欧洲销售餐饮替代品，现在它打算进入其它国家。Feed的产品有多种，最初它主要出售一种粉末状的产品，一份能代替一顿饭。只要你加入一些水，摇一摇喝下就行。当然你也可以选择购买等能量的燕麦棒。
 
  这听起来和Soylent有点像，后者和SlimFast以及所有1980年以及1990年的这类产品类似。值得留意的是，Soylent只会在美国和加拿大地区出售。Feed的产品基本都是纯素食、无麸质、无乳糖、非转基因的，并且在法国本地生产的。
 
  在几个月前，有外媒记者购买了一瓶Feed进行了尝试，他并没有特别信服这类东西。但据说这家公司的产品非常受欢迎，目前它已经出手了100万公斤的粉末，大约为650万瓶。2018年，Feed计划完成1160万美元的营收。
 
  Feed并不认为自己要取代你所有的饮食。但如果你打算减肥什么的，你可以从现在起用Feed的产品代替你的午餐。另一家法国创企So Shape也出售代餐产品，它是Feed的竞争对手。
 
  除了产品本身，Feed也是一个强大的线上品牌。这家公司打造的线上社区拥有数十万关注者。YouTube上也有很多用户发布了测试Feed的视频。这家公司明白如何通过正确的渠道来获取线上客户。
 
  品牌正式Feed获得融资的原因。如今Feed将会在新的国家推出产品，并和欧洲其他超市签订新协议。",2018-06-21 10:48:00,https://www.chinaventure.com.cn/cmsmodel/news/detail/327969.shtml,猎云网,代餐食品创企Feed完成1740万美元融资
"6月21日，儿童学习桌椅专业品牌“igrow爱果乐”宣布完成1亿元A 轮融资，本轮投资由天图投资领投，瑞雍投资跟投。本轮融资将重点用于供应链升级、产品研发、新零售拓展以及品牌推广。
 
  
 
  值得一提的是，领投方天图投资作为消费品领域的投资专家，已成功投资了周黑鸭、江小白、八马茶业、百果园、蘑菇街、小红书等知名品牌。天图投资领先的品牌定位理论与实践经验，将为爱果乐品牌发展提供专业的实战性指导。瑞雍投资将以高度匹配的渠道资源，与爱果乐共同搭建覆盖儿童健康生活各场景的新零售闭环。
 
  本轮领投方天图投资合伙人汤志敏表示：“让孩子健康学习是每个家长的期望，爱果乐通过自主研发的可升降学习桌椅，成功地让孩子在学习过程中端正坐姿，保护脊椎，预防近视，解决了家长们的痛点。另外，爱果乐经过在国内近五年的发展，已成为学习桌椅行业领导品牌，我们看重其清晰的品牌定位、突出的运营能力和创新的零售模式，相信在本轮融资过后，爱果乐能够获得更快的发展，将健康学习的理念普及到千家万户。”
 
  连续四年年均复合增长率高达133% 
 
  爱果乐学习桌椅由丹麦奥尔堡大学设计师Tobias Breyen携手国内红星奖设计师组成专业设计团队，从工业设计、材料设计、功能设计等多个维度，实现了学习桌椅的全面升级：科学的人体工学设计，让桌椅高度、角度能根据孩子的身高体型灵活调节，让孩子在不同的年龄段始终保持健康科学的学习坐姿，从根源上预防近视，保护脊椎。
 
  经过多年国家级、省级质监部门的抽查检验和几十万妈妈的严格亲测，爱果乐学习桌椅“美观、实用、安全、环保”的口碑得以验证。2011年，爱果乐学习桌椅热销丹麦，成为安徒生故乡Odense幼儿园的指定品牌。2014年，爱果乐通过电商平台正式开始国内销售。2016年，爱果乐学习桌椅全年销售额突破1亿元，2017年突破2亿元，连续四年年均复合增长率高达133%。天猫中高端学习桌椅市场占有率达22%，一举成为行业领导品牌。
 
  爱果乐创始人陈向林表示：“国人非常注重教育，但也导致了孩子的学习压力特别大。作为一名6岁孩子的父亲，我希望以‘高性价比产品’快速普及中国市场，让每个孩子都能健康地学习。”
 
  计划三年布局千家线下门店 
 
  新零售带来消费者体验升级的同时，也引领了消费场景化革命。在营销渠道方面，为了满足消费者更多元化、便利化的消费场景，爱果乐于2017年10月正式启动了50城新零售计划。截至目前，已签约包括深圳、成都、重庆、大连、合肥等在内的50多个城市合伙人，全国开设近百家门店。
 
  据悉，爱果乐本轮募集资金也将重点投入新零售的拓展，未来3年内，爱果乐线下门店目标为1000家，将发挥平台整合能力，深入渗透各线城市，向顾客提供跨渠道，无缝化体验；同时，还将深度整合线上大数据提供商品开发支持，实现深度融合、高度协同的最大化价值，最终实现“人、货、场”的多维度交互，为合伙人创造新的价值增长点，也为顾客提供更加立体丰富、优质便利的产品体验和服务。
 
  在市场策略方面，为了让健康的学习桌椅快速普及，爱果乐选择了“高性价比、低利润率”的市场策略。相同配置、相同标准的产品平均售价只有某些台湾品牌的3折，某些国内传统品牌的6-7折。同时，为了推广健康学习的理念，2018年5月1日，爱果乐正式签约田亮及其女儿“森碟”为其品牌代言人。“奥运冠军”+“两个孩子的爸爸”+“风一样的女子”，不仅实现了爱果乐品牌的全面升级，更对父母“用心选择、科学教育”，儿童“健康成长，热爱学习”做出了自己独有而鲜明的诠释。
 
  陈向林表示，未来爱果乐将深耕儿童学习健康产品的创新，拓宽垂直品类产品线，迎接新零售新趋势下的管理升级与运营创新，为每一个儿童创造更健康的学习、生活方式，最终实现“支起孩子的成长”的品牌理念。",2018-06-21 10:32:00,https://www.chinaventure.com.cn/cmsmodel/news/detail/327966.shtml,投中网,【首发】儿童学习桌椅品牌爱果乐获1亿元A轮融资，天图投资领投
"大数据应用服务领跑者数澜科技宣布完成人民币1.45亿A轮融资。本轮融资由云锋基金领投，IDG资本、浙商产融及洪泰基金跟投。
 
  数澜科技致力于企业数据资产化及应用增值，自成立以来始终践行大数据“连接”、“不确定性”和“场景化”的三大核心理念，已为近千家企业和政府客户提供大数据相关服务。旗下核心产品数栖平台作为国内领先的一站式大数据应用平台，助力地产、零售、金融、政府等多领域客户取得卓越的业务效果。
 
  数澜科技通过自主研发的大数据平台——数栖平台（DW.DaaS），将自身业务分为三步：首先是Data-Mapping 把企业内外部数据进行连接；其次，利用 Data-profile 将数据连接后变成的资产打标签、组织；最后的应用部分由Data-Service 体系来提供数据服务。 
 
  本轮融资款将主要用于数栖平台及行业应用产品的研发和创新、人才引进及营销渠道拓展。",2018-06-21 10:21:00,https://www.chinaventure.com.cn/cmsmodel/news/detail/327965.shtml,猎云网,数澜科技完成1.45亿元A轮融资，云锋基金领投
"6月21日消息，全球最大的在线少儿英语品牌VIPKID今日确认完成5亿美金的D+轮融资，并披露了相关细节。
 
  据VIPKID透露，此次D+轮投资由全球知名投资管理机构Coatue、腾讯公司、红杉资本中国基金、云锋基金携手领投。这也是迄今为止全球在线教育领域最大一笔融资。完成融资后，VIPKID成为国内唯一一家估值超过200亿元的教育类创业企业。值得一提的是，VIPKID还是红杉资本中国基金首个“5连投”的创业公司，并且连续三次获得云锋基金投资。
 
  最近两年，在线教育俨然成为资本市场最热门的行业。但VIPKID所受投资人追捧的程度，和整个行业比都称得上独领风骚。靠烧钱砸广告的在线教育机构林林总总，靠价格战获取家长注意力的产品比比皆是。但从结果看，追求高品质的VIPKID却成了整个行业最大的赢家。这或许揭示了在线教育的独特本质：由于子女成长的不可逆转性，家长更倾向选择最优秀的教育产品，更在意教育产品的质量，而不是单纯的价格因素。
 
  VIPKID创办四年时间，目前是全球最大的在线教育机构。数据显示，该平台的北美外教数量超过4万名，付费学员数量超过30万名，遍布全球35个国家和地区，大多数订单都通过老用户口碑介绍。此次获得在线教育行业最大一笔融资，无疑将进一步巩固VIPKID在行业的领导者地位。
 
  资本集体看好在线教育赛道 
 
  据媒体公开数据统计，2018年上半年中国K12教育领域融资总额约为15亿美金，VIPKID一家就拿到市场上三分之一的融资额。加上去年8月获得的2亿美元D轮融资，VIPKID在短短不到一年时间内融资达7亿美元，连续两次刷新全球在线教育领域的最高融资纪录。
 
  从此轮投资机构的豪华名单中，除了红杉和云锋，新进入者同样赫赫有名，且分外惹人关注。Coatue此前曾在中国科技领域有过多次成功投资案例。这一次，Coatue也在科技教育领域的独角兽VIPKID身上投下了重金。
 
  Coatue基金创始人菲利普·拉方特表示：“我认为VIPKID正在全球范围内改变教育的传统形态，为未来的新教育提供了极佳的探索模式。Coatue祝愿VIPKID更好的整合全球优秀教育资源，进一步加速国际化进程。”
 
  上一轮还是VIPKID战略投资方的腾讯公司，这次也成为了VIPKID的主要领投机构，由此可见腾讯对在线少儿英语赛道的重视。
 
  腾讯投资管理合伙人林海峰表示：“腾讯非常重视在线教育领域的投资，希望能深入合作，助力像VIPKID这样的头部伙伴，帮助中国教育行业开拓全球市场，共同探索教育的边界和可能性。”据悉，腾讯和VIPKID围绕内容、大数据、云服务、人工智能等领域，已经展开了深入合作，双方合作范围还将从底层进一步扩展到应用层面。
 
  披露融资三大用途 核心是提升教学品质 
 
  与以往的教育变革相比，VIPKID将人工智能和大数据等技术革命大规模应用于教育领域，加速了全球在线教育时代到来。如今，VIPKID已经建立起师资、产品、服务等各关键环节壁垒，打造出互联网+教育生态系统闭环，催生了万亿美金的新教育市场。
 
  VIPKID创始人及CEO米雯娟表示，VIPKID将致力于打造更好的教学品质，全面提升学习效果和学习体验。此次融资将主要用于三个方面：第一，继续加大在北美地区优秀教师群体的招聘力度，为全球小朋友提供最优质的外教资源；第二，继续加大教育科技和产品的人才储备，以保持VIPKID在教学效果、内容体验以及服务质量等领域的全面优势；第三，加速全球化及全平台战略部署，进一步探索在线教育的疆界，全面提高教学效率。
 
  “教学品质是立足之本，VIPKID将给小朋友们更好的学习体验。从师资上看，我们制定了全球最为严格的线上外教筛选机制，北美外教们能够为小朋友们提供最优质的教学服务；此外，我们专注解决用户痛点，以人工智能、人脸识别等技术为核心竞争力，形成一套实时反馈、持续迭代、可追踪的教育产品和系统，充分发挥老师和学生的潜能，给更多小朋友提供个性化学习机会”，米雯娟表示。
 
  融资也将进一步提升VIPKID在教研领域的领先优势。不久前，VIPKID自主研发的在线教材凭借其国际水准的教研创新能力，一举入围美国“软件与信息产业协会（SIIA）”科迪奖最终入围名单，与美国著名软件商Adobe，美国小学语言课外班Learning A-Z齐名。
 
  在线教育或迎来“赢家通吃”时代 
 
  据中科院的《2017年中国在线少儿英语教育白皮书》显示，VIPKID目前在国内在线少儿英语教育市场占据55%份额，也就是每2个在线学习英语的小朋友中，就有一个是VIPKID学员。
 
  定位高端的VIPKID拿下超过行业一半的市场份额，并获得了全行业最多的融资金额。业内人士认为，以此融资事件为标志，教育行业将告别追逐价格战、强调各类新概念的混乱竞争格局。随着更多的巨额资本向头部企业的集中，在线教育将成为高门槛、专业化的竞争赛道，缺少专业人才和实力的从业者，将很难获得更大的生存空间。
 
  同时，VIPKID在优秀师资、教研和技术、家长口碑、储备资金等领域积累的优势，也将成为其他从业者难以逾越的“护城河”。可以预见，国内在线教育行业或将由此进入品牌集中化、赢家通吃的时代。",2018-06-21 10:14:00,https://www.chinaventure.com.cn/cmsmodel/news/detail/327962.shtml,投中网,VIPKID完成5亿美元D+轮融资，Coatue、腾讯、红杉资本中国基金等携手领投
"据悉，国内商用车技术服务互联网及大数据平台上海星融汽车技术有限公司（以下简称“共轨之家”）于近日完成数千万级A轮融资。本轮融资由磐霖资本领投，上轮投资方赛伯乐基金继续追加投资。
 
  共轨之家成立于2015年，是目前国内最具影响力的商用车后技术服务互联网和数据平台。
 
  共轨之家公众号和App平台聚合大量维修技工和修理门店，凭借公司自身积累的车辆维修数据和智能硬件，为下游用户提供了包括技能培训、数据查询、云检测等一系列成熟可靠的智能化技术服务方案。
 
  瞄准痛点，志在重构商用车后市场 
 
  磐霖资本创始主管合伙人李宇辉先生认为: 
 
  长久以来，中国商用车后市场一直处于分割严重、各自为战的碎片化状态，严重缺乏规模化的技术服务体系。共轨之家以技术服务为切入点，以数据为发展主线来连接赋能不同的市场主体，致力于在解决中国商用车后市场问题的同时，引导整个产业逐步规范化乃至产业环境质变，意义十分重大。
 
  技术加持，推动维修标准化规划化 
 
  共轨之家团队拥有出色的专业背景、扎实的数据积累和强大的技术创新研发能力，成立至今短短两年已获得20余项专利及著作权，其深耕专业的技术基因，为磐霖资本深刻认同。其研发的新一代智能检测设备和随车诊断设备，可以对实时获取的车况数据进行分析，将传统的经验驱动型修理转变为主动分析且自动提供智能化修理方案，有效推动了维修环节的规范化和标准化。
 
 

 由共轨之家研发的多功能智能商用车维修终端已经走向国际舞台
 
  共轨之家创始人、董事长蔡继业先生： 
 
  如何做好千亿级商用车后市场，以及如何从技术和数据层面持续地为维修服务站赋能，是商用车后市场企业必须深刻思考与回答的两个问题。目前，共轨之家和全国维修站联手充分发挥各自优势，以互联网为纽带，以数据平台为载体，为我国2000多万台商用车及3000多万商用车司机提供更高效、更优质的技术服务。共享、共赢，让商用车跑得更健康，以实现最大化的社会价值的初心，激励着共轨之家不断向前。
 
 

  慧眼伯乐，看好数据变现能量 
 
  在市场需求、资本投入和用户触达几方数据都呈现利好的情况下，磐霖资本看好拥有行业绝对大数据的商用车后技术服务互联网及大数据平台共轨之家，跨入汽车连锁服务、零配件供应链、商用车金融、商用车保险、商用二手车交易等千亿级巨型市场。在不久的将来，磐霖资本所选择的共轨之家，将与市场、资本、用户发生怎样的奇妙化学反应，让我们拭目以待。",2018-06-21 09:40:00,https://www.chinaventure.com.cn/cmsmodel/news/detail/327955.shtml,投中网,磐霖资本领投共轨之家数千万级A轮融资
"继近期收购代码托管平台GitHub和四家游戏工作室后，微软于本周三又收购了一家人工智能初创公司。
 
  本周三，微软宣布已与Bonsai签订收购协议。Bonsai是一家位于美国加利福尼亚州伯克利的初创公司，曾被微软风险投资部门投资过。Bonsai将该公司定义成“面向企业的世界首家深度增强学习（Deep Reinforcement Learning）平台”。
 
  据Bonsai官网的介绍，该公司集成了来自微软、Uber、谷歌、和苹果公司的机器学习和开发工具，用来搭建其软件和服务，以开发工业级人工智能应用。
 
  微软官方在一篇关于此次收购交易的博客文章中写道，Bonsai利用机器学习方法“提取机器学习的低层原理”来训练自动化系统，以完成某些任务。该训练过程是在一个模拟环境中进行的。
 
  微软计划将Bonsai与该公司配备了GPU和Brainware的Azure云服务相结合。微软在博客文章中提到，通过Brainware搭建的模型将部署在Azure物联网系统上，“给微软提供了一个端到端的开发、运营、和改善自动化系统中'大脑'的解决方案”。",2018-06-21 09:23:00,https://www.chinaventure.com.cn/cmsmodel/news/detail/327954.shtml,新浪科技,微软收购AI创企Bonsai
"今日，数字资产管理平台“可盈科技”宣布，已经完成由雄岸基金投资的1500万美元Pre-A轮融资，本轮融资将用于产品落地、团队搭建以及数字资产理财市场的抢占。
 
  可盈科技致力于用科学高效的方法，打造聪明、可靠的量化投资帮手。它与用户签订比特币托管协议，之后通过自主研发的数字货币量化投资平台监控、分析市场行情，高价卖出低价买进，实现用户持有比特币数量增长的目标。
 
  近2个月来，可盈科技已基本完成3套量化交易策略的实盘测试，年化收益率可达80%~200%，量化投资平台（App）预计下个月上线。目前团队已在新加坡、中国香港、日本和韩国运营数百台策略服务器。
 
  可盈科技的收入主要来源于服务费和增值收入分成两大块。面对复杂的“币圈”，沈东雄认为“正是因为这个市场混乱、这个市场里面存在大量不理性不规则的人，所以其实只要在这个市场上保持理性，是可以比较稳定的去获利的。”",2018-06-20 14:29:00,https://www.chinaventure.com.cn/cmsmodel/news/detail/327929.shtml,猎云网,可盈科技获1500万美元Pre-A轮融资，由雄岸基金投资
"美国创企Peek的目标就是实现旅游活动行业的数字化。今日这家公司完成了2300万美元B轮融资，同时它还和谷歌建立了合作，帮助提高自己的影响力。
 
  这家旧金山公司由其首席执行官Ruzwana Bashir和首席技术官Oskar Bruening创立于2012年，它自称是“活动市场里的OpenTable”，Peek想要使活动的预定变得像餐馆下单，甚至是航班预定那样的简单和无缝化。
 
  Peek于2年前筹集了1000万美元融资，这轮融资的领投方为Cathay Innovation，参投方包括前Yelp的首席运营官Geoff Donaker、Kayak创始人Paul English、I2BF和Manta Ray。Peek的投资方中包含了不少著名的天使投资人，例如Trulia和NFX的创始人Pete Flint、前谷歌执行董事长Eric Schmidt和推特首席执行官Jack Dorsey。本轮融资后，公司的融资总额达到了4000万美元。
 
  除了资金，这家创企还宣布和谷歌建立合作，它的产品清单将会出现在谷歌搜索、谷歌地图以及Google Trips中。这无疑会提高公司的知名度和下单率，另外公司还和Yelp这些平台也建立了合作。
 
  Peek的目标是全球的活动市场，Bashir估计表示该市场规模达1500亿美元，其中美国市场是全球盈利最丰富的市场。
 
  这家公司的商业模式和亚洲的Klook以及KKDay有些类似。前者从红杉中国以及高盛集团那里获得了9000多万美元融资。后者最近从日本旅游巨头HIS那里获得了投资。尽管如此，Bashir表示这个领域的数字化并不局限于亚洲或其他新兴市场。
 
  “你看看美国的这些业务，超过70%都不是实时线上预定的，用户需要给公司打电话或者写邮件。”她解释道。
 
  Peek声称在美国、墨西哥、巴黎和英国地区已经提供了1万次体验。它拥有50多万份评论和评级，这些都只有在用户预定、付款，并完成自己的活动后才能留下的，因此具有可信度。
 
  Bashir表示，公司的软件已经处理了价值“数亿美元”的订单。她拒绝透露公司的财务细节，包括营收和盈亏数据等，但它表示公司的单位经济效益是“高度盈利的”，但目前还在寻求发展。",2018-06-20 13:46:00,https://www.chinaventure.com.cn/cmsmodel/news/detail/327921.shtml,猎云网,提供旅游活动的实时线上预定，Peek获2300万美元B轮融资
"刚刚起步的金融科技创企Brex今日宣布完成5700万美元融资，投资方为技术与金融领域的一些巨头。
 
  这家公司于2017年成立于旧金山，Brex毕业于孵化器Y Combinator，该创企的目标是重新定义企业信用卡。这家公司本质上就是在给企业承担风险，当决定信贷额度时，它不会去考虑信贷历史，而是去参考企业的投资者、受众的股权数量、收支状况、开销模式等因素。向一家创企发行的前五张信用卡是免费的，之后的信用卡则根据每月每个用户5美元进行收费。
 
  Brex还提供了一些其他功能，例如它能让你通过手机来接收发票，同时它还集成了Expensify、QuickBooks、Xero以及NetSuite等会计软件。
 
  在此之前，公司只公布了一次Y Combinator投资的12万美元的种子轮融资。但今日Brex还公布了这5700万美元来自于两轮融资。2017年4月，它从Y Combinator和Ribbit Capital那里筹集了700万美元，今年3月它完成了5000万美元B轮融资，投资方包括Y Combinator Continuity基金、Peter Thiel和Max Levchin两位PayPal创始人、连续创业家Yuri Milner、Ribbit Capital以及Visa前首席执行官Carl Pascarella（于2005年离职）。",2018-06-20 13:44:00,https://www.chinaventure.com.cn/cmsmodel/news/detail/327920.shtml,猎云网,金融科技创企Brex完成5700万美元B轮融资
"2018年，社交/社群电商们迎来了新的风口。据悉，社群电商新贵好衣库近期获得了 1亿人民币A轮融资， 由IDG资本领投，老股东跟投。此前好衣库曾获得险峰长青、元璟资本的5000万人民币天使轮融资。截至目前共融资1.5亿人民币。 
 
 
 
 
  好衣库成立于2017年12月，总部位于杭州，创始人兼CEO邬强强在阿里巴巴有9年工作经历，曾担任聚划算事业部总经理，有操盘过千亿规模的电商平台的丰富经验。离开阿里后，作为联合创始人，参与创立了O2O电商闪电购项目，带领上千人的团队，取得日订单突破10万单的成绩。创业后，业内人士还是习惯于叫他在阿里时的花名“鬼谷”。联合创始人胡佳则有6年半阿里经历，曾是阿里巴巴历史上晋升最快、最年轻的产品总监，在阿里先后负责淘宝商家工具、开放平台、聚石塔、阿里百川等业务。
 
  
 
 好衣库创始人兼CEO邬强强 
 
  邬强强表示：“好衣库旨在搭建由平台、品牌商、代购、消费者共建的紧密协同网络，真正实现品牌、供应链、服务的三位一体，重新定义‘社群电商’的游戏规则。在平台的支撑下，我们希望让每个代购都能拥有自己的升级版‘拼多多’，让社交电商正式升级到3.0时代，让社群Mall遍地开花。”他透露，新一轮融资将主要用于打造优质商品供应链，以及提升广大中小代购的服务和培训系统。
 
  行业人士认为，好衣库的崛起代表着社交电商正经历从1.0到3.0时代的升级：社交电商1.0时代，即以拼多多为代表的朋友圈“9块9”特价模式；2.0时代是以云集微店、环球捕手等为代表的“拉人头”病毒传播模式；社交电商3.0模式，则是以正品和专业化服务为代表的品牌商城模式。 
 
  社群电商的兴盛，不仅是由于消费者购物习惯发生了质变，更是因为三四线城市的消费升级需求已经迫在眉睫。近几年三四线城市消费者已经不满足于9块9包邮的山寨货，其对于品牌产品的升级需求，带来了代购用户通过社群电商平台下沉市场的机会。
 
  
 
  “目前市场上的代购都是零散个体，既没有成熟进货渠道，也缺乏有效的商家管理工具和商盟组织。”好衣库创造了S2b2C（大供货商-渠道商-消费者）的社群电商新模式，搭建了由平台、品牌商、代购、消费者共建的紧密协同网络，真正实现品牌、供应链、服务的三位一体，以低价、优质的正品品牌货源和集中化的物流、客服服务，赋能广大微信代购群体。
 
  在这个协同网络中，品牌商借助微信生态触达了全新的人群，同时兼具周转效率高、流量成本低等特点，使得品牌商开拓新渠道后让利依然赚钱，代购找到了稳定的业务，消费者则以高性价比实现消费升级（价格通常只有门店、天猫店的一半）。
 
  邬强强表示：“代购群体由好衣库赋能后，其所在的社群便有了一个mall。社群卖货本质也是一种集体拼团，但利用好人以群分的特点做到千人千面后，完全可以突破拼多多在低价、高频、刚需品类上的局限。我们的目标是在今年内实现20-30亿元的销售额，连接1000个品牌和10万个代购，约等于创改10万个升级版的拼多多。”
 
  品牌商也能从好衣库的“社群MALL“模式中获取更多红利。在近期好衣库与星柚集团的一次”品牌日“活动中。星柚集团在好衣库平台投放了茜舞、花园派对等五大品牌，前一个小时销量破万件，其中茜舞单品牌产出50万，售罄率80%。
 
  据介绍，好衣库会帮助品牌商对货品的生命周期进行更好管理，加速货品周转，如好衣库会对品牌方给出包括“货品规划+货品销售”等方面的建议，并建议品牌方如何面向全渠道去组货，线上线下不同渠道比例如何分配、什么样的货品应该加速周转。同时，品牌商还会联合好衣库推出专门针对社群渠道的专供款式，以适应代购群体和消费者的需求。
 
  邬强强希望通过平台的力量，全面联合品牌方、代购方等合作伙伴，共同推进终端用户实现消费升级，“我们希望未来品牌方、平台方、销售方、消费者可在同一天、同一个网络中产生紧密协同，真正做到‘每天都是双十一’，为消费者带来更美好的生活。”
 
  险峰长青创始合伙人陈科屹表示：“险峰非常看好鬼谷此前聚划算时在供应链方面深厚的积累，运用于微信生态里是一个很激动人心的尝试。我们第一次和鬼谷见面也为他的推动力和前瞻性折服，非常开心能成为鬼谷新征程里的第一个投资人，也期待鬼谷带动整个行业实现突破！”
 
  IDG资本董事甄志勇说：“相信好衣库能用团队在供应链和电商平台的积累，希望团队能够快速推动微信电商生态的升级和正规化，实现品牌、平台和参与者的多方共赢，再创电商新蓝海。”",2018-06-20 10:54:00,https://www.chinaventure.com.cn/cmsmodel/news/detail/327887.shtml,投中网,好衣库获1.5亿融资，欲打造10万个升级版“拼多多”
"6月20日消息，留学教育品牌“土豆雅思”近日完成了真格基金与海纳亚洲创投基金（SIG）联合领投的近千万美元 Pre-A 轮融资。
 
  据悉，本轮融资完成后，团队将在师资、教研和技术层面进行持续投入。",2018-06-20 10:34:00,https://www.chinaventure.com.cn/cmsmodel/news/detail/327914.shtml,电商报,土豆雅思完成近千万美元Pre-A 轮融资，真格基金、海纳亚洲创投基金领投
6月20日消息，品牌家电租赁平台淘租公已于近日完成1760万元Pre-A轮融资，由险峰长青领投，真格基金、策源创投、新势能基金参与了跟投，据悉，本轮融资资金将用于团队建设和运营投入。,2018-06-20 10:29:00,https://www.chinaventure.com.cn/cmsmodel/news/detail/327913.shtml,电商报,淘租公完成1760万元Pre-A轮融资，险峰长青领投
6月20日消息，量化交易投资项目可盈科技近日已获得1500万美元Pre-A轮融资，投资方为政府基金雄岸基金，资金将主要用于产品落地和团队建设。,2018-06-20 09:59:00,https://www.chinaventure.com.cn/cmsmodel/news/detail/327916.shtml,电商报,可盈科技获1500万美元Pre-A轮融资
"慕尼黑创企Talentry开发了一种“社交招聘及营销平台”，6月20日，这家公司完成了600万欧元A轮融资。
 
  本轮融资的领投方为欧洲风投公司Nauta Capital，它专注于SaaS领域。参投方包括Rocket Internet的GFC、Allgeier SE以及一批天使投资人。之前GFC还投资了Talentry的200万欧元种子轮融资。
 
  这家公司目前都还比较低调，它提供的SaaS服务能让公司利用员工的社交网络进行招聘。这个平台能让员工进行引荐，让员工轻松地分享职位空缺和企业内容。其优点在于，社交招聘和招聘本身一样古老，它就是让员工将空缺的职位放到多个社交渠道上，之后就不再管它。
 
  但Talentry的首席执行官Carl Hoffmann在上周的电话采访中指出，社交招募和内容营销结合在一起回更加高效。例如，员工可以分享一则介绍公司新产品的博客，其中也提及那些职位正在招人。Talentry生成的登录界面也会实现个性化，因此分享内容的员工会被标记出来，招募相关的内容也会根据受众作出改变。
 
  更广泛地讲，Hoffmann表示激烈的人才竞争正在改变企业的招聘方式。他们会采用一种类似获取客户的营销策略。“为了成功吸引到候选人，建立人才库，进行长期的培养，公司需要正确的技术。”他解释道。
 
  Talentry表示在为整个行业里的150多家客户服务，其中包括Henkel、Swiss Post、Vodafone、Axel Springer和Universal Music Group。同时这笔融资会被用于开发更多的产品功能，例如更强大的客户关系管理用以记录招聘的候选人，同时公司的团队也会进行扩招。Hoffmann表示，除了德语国家，公司还计划进入英国、美国等国际市场。
 
  Nauta Capital的Guillem Sagué是这轮融资的负责人，他表示：“在Nauta，我们投资了全球软件领域的资本效率创新者，我们相信Talentry具备创建一个全新软件种类的潜力，这类软件能够大规模地与潜在候选人建立和培养关系。这也是我们这笔1.55亿欧元的基金第一次在德国投资，同时也是我们在德国运营的第一块基石。”",2018-06-20 09:59:00,https://www.chinaventure.com.cn/cmsmodel/news/detail/327911.shtml,猎云网,帮助企业客户利用社交网络招聘员工，Talentry获600万欧元A轮融资
"6月20日消息，拼便宜已完成51信用卡、嘉实投资领投，盈动资本、唯嘉资本跟投的近亿元A轮融资。
 
  创始人徐意表示，今年希望能够覆盖十个主要大中城市，用户基数实现20万的突破，年底月交易额破3亿元。",2018-06-20 09:54:00,https://www.chinaventure.com.cn/cmsmodel/news/detail/327909.shtml,电商报,拼便宜完成近亿元A轮融资，51信用卡、嘉实投资领投
"6月20日消息，人工智能建筑应用公司小库科技获得数千万PreA轮融资，由东方富海和中南荷多合投。
 
  本轮融资后，小库科技将发布正式版产品，并对产品进行升级迭代，将通过与腾讯AI开放平台等技术相关平台、建筑产业链上下游企业合作，提供更多解决方案。",2018-06-20 09:51:00,https://www.chinaventure.com.cn/cmsmodel/news/detail/327907.shtml,电商报,小库科技完成数千万PreA轮融资
"6月20 消息，数字货币交易平台X网宣布获得哈希资本、飞马资本、广和集团、老王资本、满币资本等全球知名数字基金千万美金投资。
 
  据哈希资本合伙人叶丁透露，X网用户突破85万，届时X网将升级全新的交易挖矿模式，持有平台币OCX、邀请好友等都可以获得高额收益分红。",2018-06-20 09:48:00,https://www.chinaventure.com.cn/cmsmodel/news/detail/327906.shtml,电商报,X网获哈希资本、飞马资本等千万美金投资
"在线少儿英语小班课品牌兰迪少儿英语6月19日宣布，公司已经完成C轮5.2亿元融资，投资方暂未披露。兰迪少儿英语是abc360旗下的英语品牌，于2016年5月正式上线。据悉，目前兰迪少儿英语注册用户人数已经超过100万，单月新增付费会员过万名。据透露，2019年，兰迪少儿英语注册用户目标为500万。
 
  abc360成立于2011年12月，总部设于中国杭州，此外公司在英美、菲律宾等多个国家和地区均设有分公司和教学基地。在此轮融资之前，公司曾获得4轮融资，分别为：中金资本投资的天使轮，华睿资本和湖畔山南基金共同投资的千万级A轮融资，由国金投资领投的近亿元B轮融资，2017年由沪江领投，头头是道跟投的B+轮数亿元融资。
 
  据官网介绍，兰迪少儿英语主要采取一对二小班课的形式，为5-10岁的少儿提供英语教学服务。在课程上，兰迪少儿英语以同伴教学法为核心理念，课程会围绕”同伴示范、同伴合作、同伴竞争、同伴指导、同伴反馈“展开。在教学模式上，主要采用“情景化”，“互动化”和“游戏机制化”的2.0课程，提升学生的英语语言能力和强化实用的学科知识。",2018-06-20 09:42:00,https://www.chinaventure.com.cn/cmsmodel/news/detail/327903.shtml,亿欧网,兰迪少儿英语完成C轮5.2亿元融资
"近日，来自爱沙尼亚的初创公司Veriff完成了770万美元的A轮融资，他们的目标是成为“身份认证领域的Stripe”。
 
  本轮融资的领投方为Mosaic Ventures, 参投方包括Taavet Hinrikus、Ashton Kutcher、Paul Buchheit、Elad Gil、SV Angel、 ACE Ventures， 以及Superangel。Mosaic的Simon Levene，以及TransferWise的联合创始人Hinrikus将会加入Veriff董事会。
 
  Veriff由23岁的Kaarel Kotkas所创立，后者已然是一名连续创业者。Veriff开发了SaaS和相关的底层技术，让银行及金融公司更轻松地在线上核实他人身份。实际上，Kotkas此前曾在TransferWise呆过一段时间，他就是在那儿坚定了创建Veriff的想法。
 
  公司服务售价49英镑/月，单次验证费用为2英镑。Veriff声称，和Stripe类似，公司开放了一个极为友好的API，几分钟即可验证完毕。
 
  Kotkas表示，这样做的目的是为了让那些规模较小的公司也能够使用公司服务。然而，真正让Veriff区别于许多竞争对手的原因，是其能够通过在线视频来验证身份。
 
  他说道：“Veriff所创建的在线身份验证服务，要比传统的实体脸对脸验证更安全。现在，我们要把这项技术普及给所有人。我们的服务基于独特的视频分析技术，能够确保实时验证的可行性。”
 
  Kotkas稍微透露了一点公司的“秘密技术”：通过从用户的设备和网络中逐帧收集和分析实时视频，公司掌握了上百个数据点。然后，其会利用机器学习技术来筛选这些数据，找出可能被忽视的斑点和异常现象。
 
  他补充说道：“我们知道图片不可信，所以我们把视频作为分析对象，逐帧扫描处理。我们的防欺诈模式参考了设备信息、用户行为、文件有效性，以及脸部对比数据。”
 
  Kotkas声称，凭借其基于视频的身份验证技术，Veriff能够保证安全性。
 
  不过，在平台如何测试这项技术方面，Kotkas并没有透露太多。他说道：“这个问题问得好，但是不好回答。”
 
  Veriff表示，目前全球付费客户有超过40家，涵盖了企业金融、共享经济、电子商务等领域。目前公司的开发和客户服务团队仍在爱沙尼亚，但其表示很快就会把业务转移到美国。",2018-06-20 09:19:00,https://www.chinaventure.com.cn/cmsmodel/news/detail/327890.shtml,猎云网,帮助客户轻松完成线上身份核准，Veriff获770万美元A轮融资
"北京时间6月20日早间消息，PayPal正在扩大其支付平台提供的选择，应对来自银行和科技公司日趋激烈的竞争。该公司本周宣布，将以4亿美元的价格收购团体付款平台HyperWallet。
 
  HyperWallet提供平台，让电商企业可以方便地向独立卖家或供应商付款。这可能包括向司机支付车费，或是向艺人支付版税。这个平台可以根据收款人的位置自动完成货币转换。PayPal将把这些功能引入自己的支付平台，并在HyperWallet已提供服务的全球200个市场提供这些功能。
 
  这笔交易预计将于今年第四季度完成，交易的完成还需要满足一定的条件并获得监管的批准。
 
  HyperWallet在旧金山、奥斯汀、伦敦、悉尼和温哥华设有办公室。PayPal总部位于加州圣何塞。",2018-06-20 09:11:00,https://www.chinaventure.com.cn/cmsmodel/news/detail/327886.shtml,新浪科技,PayPal 4亿美元收购团体付款平台HyperWallet
"距上一轮1500万融资仅仅间隔了20天，这家由前赶集网联合创始人兼CTO罗剑先生创立的3-10岁在线儿童思维训练教育项目火花思维今天正式公布：已获得2000万美金的B+轮融资，由红杉资本中国基金领投，北极光创投和老股东IDG资本、光速中国、山行资本、金沙江创投跟投。团队表示，新一轮融资将主要用于课程研发和教师团队建设。
 
  最近几个月，资本巨头们都已经纷纷杀入在线教育战场，而火花思维无疑已经成为重押之宝，其最主要原因，还是在于其核心团队的背景。这家由来自知名思维训练机构的教研教学团队，和经验丰富的互联网产品技术团队组成的创业公司，从一开始就将教研和技术作为双驱引擎放在了最重要的位置。
 
  团队中的教研教学合伙人及其团队，拥有十年数学思维教研教学经验。过去十年间，来自北京的数十万儿童在他们的辅导下，在幼升小以及小学数学学习，甚至是小学奥赛中取得了优异成绩。今天，在火花思维，借助互联网技术，优化后的课件和教学方式为孩子们提供了更好的学习体验和更加便捷的学习场景。
 
  “数学绝不仅仅是计算！”罗剑表达了自己对于数学学习的态度。作为两个孩子的爸爸，他明显感受到，仅一年多的思维训练课对大儿子的思维和表达能力产生了很大的影响。火花思维的课程兼顾了家长对“思维能力培养”的素质教育需求，又满足了打好“学科教育基础”的刚性需求，因此受到了许多家长的认可。团队相信，99%的孩子如果在学龄前经过了正确的数学思维启蒙和培养，一直到中学都可以游刃有余的应对数学这门课程。
 
  在线思维训练赛道，已经涌入很多玩家。面对竞争，罗剑认为目前还处在市场培育阶段，希望大家能够专心做好产品，这是一个良心事业，一味跑马圈地、不注重产品和教学质量，对用户和市场都是伤害。目前一些先进入赛道的玩家，积累了一些线性优势，还没有形成真正的壁垒。所以罗剑相信，很快这个市场会百花齐放，更多优秀团队会进入。面对这样的市场竞争，火花思维团队曾经积累的创业经验，就变得尤为珍贵。
 
  北极光合伙人林路表示，教育最终不是流量的竞争，而是教研、教学以及服务的竞争。火花思维吸引北极光的是，他们有很好的教研团队，并且有很强的技术团队能把教研的想法实现，所以我们第一次看到这个产品的时候还是被惊艳到了。数学思维是一个很大的品类，公司如果一直能坚持真正把培训做扎实了，一定会有很好的成长空间，我们相信CEO罗剑有这个能力。
 
  山行资本创始合伙人徐诗则表示：“思维课并不等于数学课，我们持续加码火花思维是因为团队的教育理念契合未来的教育理念。目前思维能力领域没有成熟团队，罗剑团队不管是从理念还是从教研能力上目前都是这个行业最强的，资本不断加码也将助其迅速成长为业内标杆。”
 
  据悉，火花思维将在7月份推出更多年龄段的数学思维课程，以满足家长们的强烈需求。",2018-06-20 09:08:00,https://www.chinaventure.com.cn/cmsmodel/news/detail/327885.shtml,投中网,【首发】火花思维完成2000万美金B+轮融资，红杉资本中国基金领投
"猎云网今日获悉，全球智能芯片领域独角兽寒武纪宣布完成数亿美元B轮融资，本轮融资由中国国有资本风险投资基金、国新启迪、国投创业、国新资本联合领投，中金资本、中信证券投资&amp;金石投资、TCL资本、中科院科技成果转化基金跟投，原股东元禾原点、国科投资、阿里巴巴创新投、联想创投、中科图灵继续跟投支持。该轮融资后，寒武纪整体估值达25亿美元。
 
  据公开资料显示，寒武纪成立之初曾获得来自中科院的数千万元天使轮融资；2016 年 8 月获得来自元禾原点、科大讯飞、涌铧投资的Pre-A轮融资；2017年8月18日，公司宣布完成A轮1亿美元融资，领投方为国投创业，阿里巴巴、联想、国科投资、中科图灵加入，原Pre-A轮投资方元禾原点创投、涌铧投资继续跟投。
 
  近一年来，AI芯片公司频频获得融资，云端芯片也占据了越来越重要的地位，并成为诸多AI芯片企业即将争夺的下一个入口。
 
  目前的AI芯片可以分为云端(服务器端)和终端(移动端)芯片的两大使用场景。大多研发AI芯片的公司都侧重于其中一端，诸如英伟达、英特尔、IBM和谷歌主要侧重于云端芯片的研发，而ARM、地平线和深鉴科技主要侧重终端芯片的开发。值得一提的是，寒武纪在终端和云端方面均有入局。
 
  去年11月，寒武纪科技曾发布了三款全新的智能处理器 IP 产品：面向低功耗场景视觉应用的寒武纪 1H8、拥有更广泛通用性和更高性能的寒武纪1H16、以及可用于终端人工智能产品的寒武纪1M。
 
  这三款新品相比2016年其发布的全球首款商用深度学习专用处理器“寒武纪1A处理器”，在功耗、能效比、成本开销等方面都进一步优化，适用范围覆盖了图像识别、安防监控、智能驾驶、无人机、语音识别、自然语言处理等各个重点应用领域。
 
  终端方面，寒武纪以处理器IP授权的形式进行技术成果的分享，使得全球客户能够快速设计和生产具备人工智能处理能力的芯片产品。例如，手机或者电脑等智能终端嵌入寒武纪处理器后，可对图片、音频等的理解速度能提升近百倍。
 
  云端部分，将主要提供高性能、低功耗、高性价比的智能处理芯片。根据猎云网（微信：ilieyun）的报道，在今年5月上海的产品发布会上，寒武纪发布了最新一代终端IP产品-Cambricon 1M，和首款云端智能芯片MLU100及搭载MLU100的云端智能处理卡。
 
  MLU100可与寒武纪发布的1A/1H/1M等系列终端处理器相互搭配，实现终端和云端协同处理复杂的智能计算任务。
 
  彼时，寒武纪创始人兼CEO陈天石博士还透过一份公开信表示：“MLU100芯片是寒武纪发展历程上全新的里程碑，标志着寒武纪已成为中国第一家（也是世界上少数几家）同时拥有终端和云端智能处理器产品的商业公司。”
 
  关于寒武纪的市场拓展，陈天石认为，寒武纪将力争在3年之后占有中国高性能智能芯片市场 30% 的份额，并使得全世界10亿台以上的智能终端设备集成寒武纪终端智能处理器。如果这两个目标能够实现，寒武纪将“初步支撑起中国主导的国际智能产业生态”。
 
  当然，随着人工智能芯片领域的战争越来越激烈，除了技术层面的突破，拼抢占到更多应用场景才是根本。当前AI芯片行业应用中，有四个最为火热的商业场景，分别为家居或消费电子、安防监控、自动驾驶汽车、以及云计算。
 
  今年4月，在“猎云网&amp;AI星球2018年度人工智能产业峰会”上，寒武纪副总裁钱诚就曾在演讲中详细介绍深度学习处理器的相关信息，包括寒武纪专攻的细分领域、深度学习的具体应用等。
 
  钱诚表示，寒武纪的智能芯片主要应用于三个细分领域：
 
  一是消费类电子产品，这类产品需要有弹性的算法，多数是点技术；
 
  二是工业方面，例如在交通方面需要用到系统性的人工智能技术，对技术的需求是刚性的；
 
  第三方面，就是点技术和系统技术进行融合，最后形成生态。钱诚表示，寒武纪目前所做的大数据、云端智能研发，就是要形成一个整体的生态，这三个细分领域对计算能力和智能芯片的需求非常旺盛，有可能形成几万亿的市值。
 
  人工智能时代与工业化时代、信息化时代一样，离不开最核心的物质载体。他把人工智能芯片比作高端发动机这一有着较高门槛的产品，认为研发智能芯片要拥有核心技术，只有将架构、材料、算法等多个领域的高端技术进行综合才能产生划时代的产品。而一旦研发出划时代的产品，即可在该领域抢得1~2年的先机。",2018-06-20 08:34:00,https://www.chinaventure.com.cn/cmsmodel/news/detail/327880.shtml,猎云网,AI芯片独角兽寒武纪获数亿美元B轮融资，估值达25亿美元
"业在手动传输服务间的数据上，花了不少时间和金钱，对开发人员的需求，也经常存在。
 
  英国及美国创企Tray.io是下一代云集成供应商，它曾于两年前完成了500万美元A轮融资。6月18日，这家公司又筹集了1430万美元融资，领投方为GGV Capital，这使得公司的融资总额达到了2100万美元。其他投资人还包括True Ventures、Mosaic Ventures和AngelPad。其中GGV Capital的管理合伙人Glenn Solomon会加入公司的董事会。
 
  公司的“一般自动化平台”能够将复杂的继承和企业规模的自动化变得简单。这种解决方案是建立在一个无服务器的环境里的，它完全是由API驱动，从而能够更快地进行扩张。公司表示目前和Segment、Udemy等企业有合作。
 
  这轮融资会被用于支持Tray.io的战略招聘计划，推动其集成自动化平台的后续开发。
 
  Glenn Solomon表示：“Tibco、Webmethods的成功，以及最近Mulesoft被Salesforce以65亿美元收购，都展示了云端集成的重要地位。Tray.io的优秀团队已经在开发这种需求，同时也展示了自己是这个行业的领导者。”",2018-06-19 13:57:00,https://www.chinaventure.com.cn/cmsmodel/news/detail/327867.shtml,猎云网,云集成供应商Tray.io获1430万美元A轮融资，纪源资本领投
"6月19日，无人零售服务公司便利24宣布，公司已于2018年2月完成1000万美元Pre-A轮融资，红杉资本中国基金领投。
 
  2017年9月，便利24宣布完成天使轮融资，高榕资本领投。
 
  红杉资本中国基金合伙人孙谦表示：“便利24的创始团队与项目高度匹配，零售市场也具备足够的想象空间。便利24项目切入了存量零售点位，可以覆盖新增场景，市场验证接受程度很高。我们看好创始团队超强的地推基因，期待团队能够持续提升效率，加快开拓市场的步伐，在更多城市迅速完成布局。”
 
  便利24成立于2017年，公司致力于帮助中国近700万家便利店、夫妻店享用无人零售技术，通过公司自主研发的多款低成本自助售卖设备，赋能传统门店，不仅有效延长营业时间至24小时，还可以减少部分收银工作，在近场零售的风口中，帮助传统门店延续优势，占据更多新场景新点位，有效提升营业收入。
 
  商户通过与便利24合作，将点位售卖最多的商品放入自助售卖机进行销售，除了白天帮助减轻收银负担并带来部分新客源，闭店后即完全是增量收入，使得点位的营业时间得以延长；同时，商户们也会通过将自助售卖机在就近的优质点位进行投放，实现零售空间的延伸，获得更多的销售收入。
 
  便利24的创始团队包括多名原美团早期的核心成员，创始人及CEO黄鸿光是小米O2O业务负责人，也是美团销售体系正规化后的首批高管之一。负责销售体系的联合创始人焦兆年，是前美团酒旅事业群境内度假事业部副总经理。
 
  黄鸿光表示，“与传统售卖机公司的加盟商模式不同，便利24的直营地推模式不但布点效率更高，而且能够与便利店、夫妻店等小微商户实现更为紧密的利益绑定，现在已经投放的点位基本能占到原店铺日流水的15-20%，随着可售卖SKU的增加，有望进一步提升。相信便利24可以以此作为切入点，打造出中国最大的无人零售网络。”",2018-06-19 13:40:00,https://www.chinaventure.com.cn/cmsmodel/news/detail/327862.shtml,猎云网,便利24完成1000万美元Pre-A轮融资，红衫中国领投
"橙色星球日前宣布已完成数百万元天使轮融资，本轮由创大资本领投。在此之前，橙色星球曾获得国内儿歌第一品牌“贝瓦儿歌”的种子轮战略投资。
 
  专注少儿泛娱乐领域的橙色星球，即北京橙色星球文化传媒有限公司，于2016年11月在北京成立，目标用户为国内3-12岁的儿童，以儿歌创作、儿童音视频节目制作、儿童文艺作品全平台推广、儿童歌舞艺术培训、童星经纪为一体，致力于打造中国儿童歌舞全产业链平台。并在儿歌行业以及儿童艺术教育领域引入互联网的传播和营销优势，推动整个儿歌行业快速发展。
 
 

  成立一年多以来，橙色星球已经在儿童音乐产业的顶级IP打造以及为儿童歌舞培训行业输血这两块进行了重点攻坚。依靠自身在原创儿歌这块的造血能力，橙色星球已经逐步成为了专业的为顶级母婴品牌伊利、帮宝适、葵花药业、哈药集团、迪巧、51talk等提供品牌音乐创作及全方位营销服务的专业团队，还成为了近100家儿童歌舞培训机店的合营商或课程授权商，带来正向盈利近千万。
 
  数据显示，到2016年，国内儿童艺术培训领域市场规模已达400亿元，未来5到10年间，国内少儿艺术教育培训市场潜在规模将达到5000亿元，并且以每年增长30%的速度持续扩张。预计，我国每年参加各类艺术培训的青少年儿童将超过1亿人次。
 
  目前，国内的儿童艺术培训主要集中在少儿音乐，舞蹈、美术等领域，其中，少儿舞蹈占少儿艺术培训市场的比重高达30%。虽然各类少儿艺术培训机构遍地开花，从业人员素质却参差不齐，加上教材的陈旧与教学理念的落后，使得儿童歌舞培训市场混乱，急待强势品牌的进入对行业进行标准化的管理和服务。
 
  拥有儿童歌舞IP就像是把控往了儿童歌舞培训领域造血的源头。面对日益井喷用户需求，以及对整个市场品牌化洗牌的机会，橙色星球将以IP课程+用户运营+成果展示的可标准化大规模复制的全新理念的儿童歌舞培训体系切入市场，在短时间内提升国内儿童艺术启蒙的整体水平。
 
  “我们一直在强调的素质教育，其实就是让孩子通过学习一项技能来培养获得幸福感的能力，而从能体验音乐中获得幸福感，正是让孩子终身受益的能力。”橙色星球创始人龚菲菲说，作为两个孩子的妈妈，她拥有娱乐行业7年，儿童教育行业5年的从业经验，凭借自身丰富的媒体运营经验和消费者行为洞察力，配合与行业内顶尖创作团队的合作，龚菲菲领导的橙色星球将用娱乐圈的顶级资源对少儿艺术培训行业进行重塑。
 
  在儿童歌曲创作领域，除了有国内儿歌平台领域排名第一的贝瓦儿歌的独家品牌授权的加持外，橙色星球还与华语乐坛多位实力派音乐人和流行舞蹈家合作，创作了大量热门的儿童流行歌曲及流行舞蹈教学课程。
 
  每年3月21日，橙色星球都会举办“儿童流行音乐榜颁奖盛典”。这个由龚菲菲一手打造起来的榜单，在2017年全年共推荐了1000多首儿歌，评选了52期榜单冠军，并在全国100多家电台联播，累计在全网播放量12亿次。从“儿童流行音乐榜”的权威媒体品牌IP打造开始，“这就是儿歌”、“儿歌盛典”、“国际儿童艺术节”等节目、晚会、大赛IP已陆续落地。
 
  今年“61儿童节”，一条由上百位明星与音乐人共同录制的“我为孩子唱（写）首歌———童心音乐人计划”宣传视频在网上热传，旨在号召音乐行业优质创作力量为中国数亿儿童的成长来创作新儿歌，希望解决中国儿童30年来无新歌可听的社会问题。
 
  此外，橙色星球为亲子生活消费升级量身打造的“综合体计划”也在紧锣密鼓的筹备当中，包括舞台表演、唱K、音乐VR、音乐游戏、亲子餐厅等，做基于商场的儿童音乐体验服务，打造一个专业的以儿童歌舞体验为主题的儿童乐园。
 
  龚菲菲表示，“纯粹的学校教育培养的不是艺术家，只是工匠；只在冷冰冰的电视和手机面前唱跳体验感又不充分，新零售强调的是消费体验，儿童歌舞消费尤其是亲子互动这块的消费体验也是时候升个级了。”",2018-06-19 13:05:00,https://www.chinaventure.com.cn/cmsmodel/news/detail/327856.shtml,投中网,橙色星球完成天使轮融资，创大资本领投
"近日，国内领先的数码设备免押金租赁服务平台“租葛亮”宣布，获阿米巴资本A轮2500万融资，融资资金主要用于市场扩张。租葛亮创始人李国云介绍，目前租葛亮平台拥有用户逾100万人，一年间“租葛亮”已为全国逾2万企业及个人释放超3亿设备购置金。
 
  杭州租葛亮科技有限公司成立于2017年6月，公司旗下“租葛亮”平台主要为用户提供免押金、按月付，全程保修的全方位IT设备租赁服务以及一站式的数码租赁解决方案。主要租赁业务包括台式机、笔记本、平板电脑、手机、投影仪、打印机等。",2018-06-19 11:37:00,https://www.chinaventure.com.cn/cmsmodel/news/detail/327854.shtml,亿欧网,“租葛亮”获阿米巴资本A轮2500万融资
"“云联万维”宣布获得获徐小平500万投资，“云联万维”能够在统一多云管理平台OneClond上对企业各种IT资源自动化管理，包括物理机、虚拟化平台、私有云、公有云和容器等。
 
  从今年1月份开始商业化以来，该公司已有5家付费用户，客单价在30万~200万，总合同额400万。签约的客户有一起作业网、比特大陆，大唐网络等，即将签订的合同约400万。",2018-06-19 11:35:00,https://www.chinaventure.com.cn/cmsmodel/news/detail/327853.shtml,亿欧网,“云联万维”获徐小平500万元投资
"6月19日，韩国金融科技创企Viva Republica获新加坡主权财富基金GIC和红杉中国领投4000万美元D轮融资，Viva Republica是金融服务应用Toss的开发商。
 
  这是GIC第一次投资韩国创企。这家公司会利用这笔融资来投资公司的增长，并加大产品开发方面的投入。
 
  “这次搭桥融资是一次战略性融资，它能让我们寻找投资、收购的机遇，成为满足各种消费金融需求的专业服务，同时提供极其优秀的用户体验。”Viva Republica的首席执行官兼联合创始人SG Lee说道。
 
  2015年，Toss应用只是一款P2P转账平台。从那以后，它的服务慢慢涉及到金融的各个方面。Toss有理财界面、信用积分管理、个人贷款、保险计划以及多个投资服务。
 
  Viva声称Toss的注册用户已经超过了800万，每月交易量超过100亿美元。
 
  “在Toss，我们目睹了成功公司的所有特征，在我们的投资组合中，不少公司成为了亚洲的一流独角兽创企。我们坚信Toss会占领韩国的市场，成为一家金融巨头。”红杉中国的合伙人Glen Sun说道。",2018-06-19 09:52:00,https://www.chinaventure.com.cn/cmsmodel/news/detail/327849.shtml,猎云网,金融科技创企Viva Republica完成4000万美元D轮融资，GIC、红杉中国领投
"近日，四川升达林业发布上市公司公告，拟对跨境出口电商杭州全之脉电子商务有限公司进行增资扩股，注资额7.8亿元，获得股权19.5%。以此计算，全之脉估值约40亿元。升达林业的公告中提及，全之脉目前资产逾20亿元，净资产17亿元；17年度运营收入17亿，净利润1.8亿元。
 
  根据升达林业与全之脉签订的对赌协议显示，未来三年内全之脉的年净利润持续增长，预计在2020年突破5亿元的水平。
 
  据悉，本轮融资将用于跨境电商B2C综合服务平台及垂直平台建设，跨境电商渠道推广，跨境电商物流体系建设以及IT系统建设。
 
  杭州全之脉电子商务有限公司成立于2008年，是致力于将中国过剩的纺织品产能输出到境外的跨境电商企业，依托15个外语自有网站，主打“快时尚”消费品，产品体系覆盖数十万服装款式，销往近200个国家和地区。
 
  公开资料显示，全之脉是杭州区域跨境电商龙头，是杭州国家唯一跨境电商物流试点第一标的。企业以b2c电商为主营业务，通过对上游b端“先货后款”，下游c端“先款后货”的方式保证充足的现金流和极低的运营风险；全之脉还获得当地政府大力支持，利用国内工业、高科技制造业的比较优势，将国内优质商品销售到世界各地，获得丰厚的利润回报。
 
  目前，全之脉的全球活跃用户数量上亿。为提升跨境物流效率、降低国际物流成本，发挥平台规模优势，全之脉还在俄罗斯、德国、荷兰、日本、美国、澳大利亚、阿联酋、印尼、泰国、马来西亚等十余重点市场建设了海外仓储物流基地。这些基地不仅担负着物流网点、仓储管理等职责，更是全之脉重要的资产储备，起到充实资本、对冲风险的作用。
 
  此外，全之脉还依托国内成熟的电子商务平台技术和管理经验，发展出了一套低成本、高效率、周转迅速的跨境电商流程。企业有8个外语自有网站，在ebay、Amazon、速卖通等大型平台有完善的营销推广和订单获取模式。全之脉主打“快时尚”年轻消费品，产品体系覆盖数十万服装服饰款式，热销220多个国家，平台以50多种语言提供国际化服务，是国内规模最大、影响力最广泛的跨境电商平台。",2018-06-19 09:47:00,https://www.chinaventure.com.cn/cmsmodel/news/detail/327848.shtml,猎云网,跨境电商全之脉完成7.8亿元融资，升达林业投资
"近日， 印刷包装领域产业服务商千鸟互联宣布完成由青松基金领投、前海天禾文化基金跟投的3800万A轮融资。此前，千鸟互联已连续完成梅花创投领投、朱晔和孔毅个人跟投的800万Pre-A轮融资；由广东文投领投的1000万天使轮融资。至此，千鸟互联成立六个月，公司共计完成5600万融资。
 
  千鸟互联由华南地区知名互联网创业者、1号货的创始人刘闻波创立，2017年11月正式启动，从工业级废纸回收切入逐步成长为印刷包装领域的产业服务商。
 
  刘闻波介绍，千鸟互联成立六个月，每个月都保持了至少100%的增长，单月自营收入即将突破2000万，早已实现了全面盈利。
 
  之所以能后来居上，在纯自营方式运营的互联网废纸回收企业中迅速成长为行业的绝对领导者，首先华南地区是中国最大的工业级废纸聚集地，广东回收纸市场是北京的五倍以上，珠三角、长三角是最大的废纸生产基地；其次因为整个工业级废纸的运营效率大幅度提升，从回收、分拣、搬运、装卸、仓储、物流、以及车辆的调度管控，跟1号货的所积累的物流资源高度匹配，整个运营体系的核心就是物流，1号货的在三年的创业过程中，用获得的数千万融资成功打通了计划性物流和非计划性物流相互融合的智慧物流运营体系，物流的坑最多，这些经验和资源让千鸟互联在成立之初就迅速拉开了与竞争对手的距离，以智慧物流为核心的运营体系至少领先了竞争对手18个月。
 
  废纸回收利用在减少污染、改善环境、节约资源与能源方面产生巨大的经济效益与环境效益，是实现造纸业持续发展的一个重要方面。2017年，整个中国的废纸回收市场已超过2000亿人民币，但相比日本 81.5%、欧洲71.5%的废纸回收率，2015 年我国废纸回收率仅为 46.8%，废纸回收率仍有较大的提升空间。
 
  目前我国废纸产量无法做到自己自足，废纸严重依赖进口，大量中少型造纸企业缺乏稳定的废纸收购渠道或进口废纸资质和配额。随着进口废纸的问题越来越多，以“洋垃圾禁入令”为标志，国家对废纸回收的企业，从信息化、标准化、规模化的要求在全面提速，未来随着废纸进口标准收紧带来的原材料短缺以及我国废纸回收体系的进一步完善，中国废纸回收企业有望迎来春天。
 
  在国内，目前废纸回收效率低，回收链条长，整个行业从业人员素质参差不齐，掺假注水、短斤少两等问题普遍存在，废纸由个体小三轮卖给回收站，回收站再卖给打包站，打包站再卖给造纸厂。
 
  千鸟互联选择从工业级废纸切入，打掉中间环节，自建运营中心，基于一套以用户发单、回收、仓储、物流调度为核心的SAAS系统，以完全自营的方式打造了一套从回收到分拣到仓储物流的完整运营体系，为企业提供了信息化、标准化、规范化的废纸回收服务，目前已服务了近千家企业。
 
  本轮融资后，千鸟互联将逐步拓展到金融服务、原纸供应链，为包装印刷企业提供一揽子解决方案；共享云端大数据，为纸厂生产计划提供数据指导；根据经营数据给包装印刷企业赋能，解决企业信用难收集、传统企业融资难的问题；利用大数据搭建独有的金融风控模型，让包装印刷厂享受到普惠金融时代的红利，打造以企业信用为准则的金融服务生态系统。最终构建以千鸟回收、千鸟白条、千鸟原纸为核心的产品矩阵，从而成长为印刷包装领域的产业服务商。
 
  梅花创投创始合伙人吴世春表示，环保经济对于正在全面走向小康社会的中国扮演着越来越重要的角色。我们非常看好用互联网模式去改造传统领域，在环保回收领域，千鸟回收的模式能提高效率、节约成本、打通上下游，最终实现该领域的产业化、规模化升级。千鸟回收团队在这个领域展现的竞争力非常强，也刷新了业界的认知，我们相信千鸟回收会成为这个领域的领军企业！",2018-06-19 09:29:00,https://www.chinaventure.com.cn/cmsmodel/news/detail/327844.shtml,投中网,千鸟互联完成3轮5600万元融资，青松基金、梅花创投领投
"6月19日，伦敦创企Tessian宣布获1300万美元A轮融资，这家英国公司正试图去自动解决企业邮件的安全问题。
 
  之前这家公司的名字叫CheckRecipient，它通过机器学习来发现和修复地址错误的邮件，这看似是个小问题，实际上会给大公司带来巨大的安全隐患，因为某些敏感的信息可能就会因此寄到错误的人手中。
 
  Tessian指出，英国的信息委员会收到的安全事故报告中，有关邮件地址写错的，远远多于其他种类的安全问题。而欧洲最新的隐私法律会给这样的失误开出巨额的罚款。
 
  “根据最近ICO的报告，邮件误寄已经成为了数据安全事故的头号问题，如今《通用数据保护条例》也已经实施，公司们应该将这个安全问题放在首位。人类的本能会惧怕黑客入侵或恶意软件这类事情，但我们很少会在寄邮件这些熟悉而又日常的事情前，三思而后行。实际上，这是一个巨大的隐患。”Tessian的首席执行官Tim Sadler说道。
 
  Tessian的机器智能技术能将企业的邮件网络集中在一起，去分析和识别正常和异常的现象。如果它发现某封即将被寄出的邮件存在什么异常，那么它就会向用户发出警告，让他去仔细审查内容。
 
  这轮融资由Balderton Capital领投，参投方包括Accel、Amadeus Capital Partners、Crane、LocalGlobe、Winton Ventures和Walking Ventures等现有投资人。
 
  去年这家公司完成了种子轮融资，目前员工数量为50人。相关新闻表示，在过去12个月里，公司重复性客户带来的营收数额增长了400%。除了投资产品研发，公司还计划利用这笔新融资来进行发展营销和销售部门。",2018-06-19 09:01:00,https://www.chinaventure.com.cn/cmsmodel/news/detail/327860.shtml,猎云网,伦敦创企Tessian获1300万美元A轮融资
"6月19日凌晨消息，微软宣布，该公司已经收购了教育创业公司Flipgrid，但并未披露具体条款。Flipgrid应用能让学生录制有关特定主题的视频，并将其分享给同学。
 
  这项交易表明，在谷歌Chromebook已经变得普及的教育市场上，微软仍渴望赢得一些份额。微软称，该公司将免费提供Flipgrid服务，而此前已经订阅了该服务的学校则可按比例获得退款。
 
  微软一年半前宣布与Flipgrid合作，而在今天，Flipgrid已与微软的许多产品进行了整合，如整合了Teams服务以便用户与其他人聊天，并已整合OneNote服务以便用户记笔记。但Flipgrid已购买“亚马逊网络服务”（AWS），该服务是微软云服务Azure的竞争对手。
 
  市场研究机构Futuresource数据显示，去年第四季度美国K-12（从幼儿园到12年级的教育）学校购买的近60%个人计算设备都是谷歌Chromebook，使用Windows设备的仅为不到26%。微软寻求加强其教育战略，在去年推出了一款Surface Laptop和Windows 10 S操作系统，该系统仅限于运行通过微软应用商店下载的应用，目的是提供足够好的性能和安全性。这款Surface Laptop的售价为800美元起，而包括谷歌自己的Pixelbook在内的多款Chromebook都更便宜一些。
 
  但硬件只是在教育领域中面临的挑战之一。谷歌在2014年推出Google Classroom（谷歌教室），供教师使用Google Docs（谷歌文档）等生产力应用发作业，学生则可上交作业。而在2016年，微软发布了名为Microsoft Classroom（微软教室）的类似工具，这是其Office 365生产力教育软件包的一部分。但随后微软已撤回该产品，在Teams应用中加入了发作业功能。
 
  与微软Teams相比，Flipgrid更关注视频服务，其用户人数已达2000万人以上。微软称，Flipgrid将可保留品牌名，不会被并入Teams。
 
  Flipgrid成立于2015年，总部位于明尼阿波利斯。在职业社交网站LinkedIn上，Flipgrid注册员工人数为24人，其竞争对手包括Recap和Seesaw等。",2018-06-19 09:00:00,https://www.chinaventure.com.cn/cmsmodel/news/detail/327840.shtml,新浪科技,微软收购教育创业公司Flipgrid以挑战谷歌
"去年于香港上市的游戏硬件公司雷蛇，在领投澳大利亚创企Esports Mogul的330万美元融资后，即将实施自己的投资战略。
 
  Esports Mogul正如其名，专注于电子竞技。这家公司运营的平台Mogul Arena能组织电子竞技比赛，另外它还拥有一家游戏新闻网站。Esports Mogul主要在亚洲和拉丁美洲运营，它已经在澳大利亚上市，
 
  这笔融资会被用于开发移动端的Mogul Arena，并去获取用户，推动盈利。
 
  雷蛇之前就和Esports Mogul有过合作，现在这笔交易会加深双方的合作，雷蛇的支付系统也会被整合到Esports Mogul上，该系统是雷蛇最近通过收购MOL所创建的。
 
  本轮融资的其他投资者还包括新加坡的Cloud Alliance，这家公司主要为玩家开发软件系统。最近Cloud Alliance通过ICO筹集了1500万美元，并计划借此和Esports Mogul以及雷蛇加深合作。
 
  Esports Mogul表示这轮融资超出了预期，现有投资人和澳大利亚当地的机构都有参与。交易中，其每股股价为1.8澳元，相比公司在过去15天内的平均股价下降了20.55%。",2018-06-19 08:34:00,https://www.chinaventure.com.cn/cmsmodel/news/detail/327837.shtml,猎云网,澳洲电子竞技创企Esports Mogul获雷蛇330万美元融资
"蓝鲸TMT频道6月15日讯，今日，星舆科技 Starcart宣布完成近亿元 pre-A 轮融资，由深圳博汇源创业投资合伙企业、湖南高新创业投资集团有限公司联合投资。
 
  据悉，本轮融资资金将用于“网-端-云”三位一体的精准时空体系构建，包括室内外一体化的高精度网络建设、室内外定位一体化融合定位技术和高精度位置服务云平台的研发和市场推广力度。
 
  星舆科技于 2018 年年初成立，是核心团队与海格通信旗下全资子公司海格怡创共同发起设立的北斗高精度位置服务公司，主营业务为下一代移动互联网以及自动驾驶、无人机和机器人等人工智能设备，提供室内外一体化的高精度空间位置信息服务以及端到端的高精度解决方案。",2018-06-15 13:28:00,https://www.chinaventure.com.cn/cmsmodel/news/detail/327778.shtml,蓝鲸TMT,星舆科技Starcart获近亿元pre-A融资，研发北斗定位
"尽管Salesforce和微软在当今的软件销售领域占据着主导地位，但也有一些初创公司紧跟其后。Pipedrive是一家总部位于爱沙尼亚和纽约的初创公司，主要是为销售人员提供工具，帮助他们完成仍在酝酿中的交易。今日，其宣布获得了5000万美元的C轮融资，以扩大产品服务，发展全球业务，并有可能在CRM领域内进行几起收购交易。
 
  本轮融资的领投方为Insight Venture Partners、Bessemer Venture Partners；参投方则为Rembrandt Venture Partners、Atomico。此轮融资过后，该公司的融资总额高达8000万美元。
 
  不过，Pipedrive的联合创始人兼首席执行官Timo Rein并没有透露公司的估值数据，只是说“这是相当不错的一轮”。不过，根据Pitchbook的数据显示，公司在16年融资过后的估值为1.88亿美元。与公司关系密切的知情人士表示，公司目前的估值为3亿美元。
 
  数据显示，CRM目前的市场规模超过400亿美元。领域内的初创企业服务多种多样，比如运用AI技术得心应手的Clari，帮助其他公司完善内部组织的Zoho、Hubspot，或者是专注特定垂直业务的Paddle，等等。
 
  Rein表示，当公司最开始落地的时候，有不少的质疑声音，人们不太看好从Salesforce及微软眼皮底下抢饭吃这一行为。
 
  “当我们在2010年进入市场的时候，人们都在问我，‘为什么要在已经有一个Salesforce的领域内创业’？不过，我们自己已经有10年的销售经验了，我们意识到，重点不在于你提供给用户使用的功能数量上，而在于你要找到自己的差异性，让用户从产品中得到他们需要的东西。我们已经证明了，用户正在从Salesforce以及其他平台上转移到Pipedrive。我们的功能也许不多，但是专业的销售人员都知道，绩效取决于个人。”
 
  Pipedrive的目的是减少工作量，让用户能够专注销售。平台上集成了100多个销售应用，能够跟踪用户在邮件以及通信软件上的所有活动和操作，这样用户就能直观地了解下一步需要解决的问题。
 
  Rein表示，这并不是为了寻找销售线索，也许很多公司会看中这一点。但是，平台真正关注的是，当你已经存在了优势时，如何才能轻松地完成这笔交易。
 
  有趣的是，Rein说公司并没有在销售业务上使用自己的产品。用他的话说，“能用得上Pipedrive的话，我们肯定用。但是，我们提供的服务和我们打造它的意图截然相反”。Pipedrive按月定价，价格从每月12.5美元到62.5美元不等，具体取决于用户数量和功能。
 
  本轮资方Insight Venture Partners 的合伙人Teddie Wardi表示：“Pipedrive主要面向销售人员，而不仅仅是他们的经理。这一原则能帮助公司打造一个受到世界各地用户喜爱的产品，与竞争对手区别开来，推动公司向前增长。”据了解，Insight Venture Partners也是Pipedrive 的B轮融资领投方。
 
  如今，该公司在170个国家里拥有7.5万客户。自2010年以来，数字收入每年增长三倍。",2018-06-15 11:42:00,https://www.chinaventure.com.cn/cmsmodel/news/detail/327776.shtml,猎云网,CRM服务商Pipedrive获5000万美元C轮融资，要和巨头微软抢饭吃
"近期，城市级智慧停车云平台“停开心”宣布完成新一轮数千万A轮融资，本轮融资由Star VC领投，盈信集团、青锐创投等机构跟投。
 
  本轮融资将用于加速停开心城市级智慧停车及停车资产运营的市场拓展。此前，停开心完成了九合创投和老鹰基金联合投资的天使轮。
 
  停开心以资产运营看待停车场空间资源，延展停车产业生态，创新停车服务链，实现停车产业的优化升级。停开心通过AI、物联网、大数据、无感支付等创新融合技术赋能停车场，改变传统停车场经营成本结构，为车场降本增效，带来全新的管理及模式变革。停开心以互联网的视角基于停车场景搭建流量入口，链接新能源汽车、充电场景以及衣食住行等各种业态，形成“人-车-生活”场景闭环。
 
  
 
  本轮投资领投方Star VC 创始人任泉表示：停车难是个社会难题，在停车位数量有限的情况下，高效、合理使用停车位显得尤为重要。停开心拥有强大的大数据平台，可以通过技术手段来调节停车位的应用，将停车难的问题化解在智慧城市建设的浪潮里，智慧停车是未来宜居城市必不可少的一部分。停开心对出行方式的重塑，对智能科技的开拓与Star VC只投让生活更美的产品高度契合。
 
  停开心创始人庄川杰在接受采访表示：“停车具有高频、刚需、支付属性，有万亿级市场空间。基于停车场景获取的高净价值车主用户具有极高的粘性和活跃度。停开心利用群像数据实现流量分发，将会有极高的商业变现价值。同时停开心的资产运营管理平台以原有的AI智慧停车平台作为基础，通过停车场产权交易、中长期租赁和经营权转让等形式进行合作，获得停车场的经营权。而基于自持停车场资源，对停车场景的商业开发有更强决定力。例如新能源汽车是未来的趋势，而新能源汽车的充电、租赁也更依赖于停车场和停车位资源。与充电桩、分时租赁服务的结合，使停车场资源被最大化的赋能。
 
  截至目前，“停开心”已覆盖超30个城市，接入平台的停车场超过1500个，月交易订单超百万，上线超80万个车位。未来，“停开心”平台目标接入10000个停车场，深耕停车场资产运营管理及商业场景开发。并且开放现有众车场落地场景及车主群像数据，与更多人工智能方向公司，一起探索基于停车场场景的商业开发。",2018-06-15 11:12:00,https://www.chinaventure.com.cn/cmsmodel/news/detail/327775.shtml,投中网,停开心获数千万A轮融资，由Star VC领投，盈信集团、青锐创投等机构跟投
"近日，数据驱动的版权保护科技公司冠勇科技宣布完成8000万B轮融资，本轮融资由招商局资本和海通创意资本联合投资。
 
  冠勇科技成立于2011年，创始的博士团队来自上海交通大学电子信息与电气工程学院，利用大数据及人工智能技术对影视版权及版权贸易进行全方位的保护。目前在上海，北京，洛杉矶和伦敦分别设立了分支机构。
 
  团队8年的持续深入研发及实践积累了较大的技术及行业优势，先后与首都版权产业联盟、中国版权协会等达成战略合作关系，于2016获得国内版权领域最高奖“中国版权金奖-保护奖”。目前，冠勇科技依托人工智能、大数据、云计算等技术打造的FB版权大数据平台，通过海量内容特征指纹比对技术，实时监测全球范围内的影视、音乐、短视频、文学及漫画等作品，监测保护超过2万部头部影视作品，协助权利人下线盗版链接400万条。并在版权保护技术平台的基础上开拓了正版网络发行渠道，新媒体发行超过50部院线电影，并拥有超过3000部以上的海内外电影独家版权。
 
  冠勇科技正在加快版权监测保护的全球化布局。电影在院线上映期间，与上游内容方美国福斯、华纳兄弟、万达影业、博纳等国内外知名影视公司长期合作，打击盗版，保护票房。在网络正版上线期间，与下游优酷、腾讯等网络正版平台合作，共同守护诸如《红海行动》、《后来的我们》等知名影片，并积极与12426国家版权监测中心、北京网络版权监测中心以及各地律师事务所合作，为权利人提供一站式的版权代理登记、预警、监测及维权的服务。
 
  此外，在版权保护技术平台上建设的正版网络发行渠道初具规模。冠勇科技已新媒体独家发行《陆垚知马俐》、《你的名字》、《妈妈咪鸭》、《太空救援》等50多部院线电影，独家引进的《白牙》成功入围第21届上海国际电影节金爵奖国际动画片竞赛单元。海外电影方面，通过戛纳、柏林等国际电影节，独家引进包括《浓情酒香》、《三月的狮子》等影片获得了良好的口碑，体现了冠勇科技在版权大数据分析上的积累。目前已经与美国、日本等20个国家80多家国际电影公司展开长期合作，预计每年独家采购超过300部优秀海外电影。
 
  
 
  冠勇科技创始人兼CEO吴冠勇博士认为，在移动互联网的内容付费时代，流量为王，影视、音乐、漫画、文字等数字内容自带流量，冠勇科技守护这些正版内容，并协助在多终端、多渠道发行。在电影方面，除了优酷、腾讯、爱奇艺以外，IPTV、 OTT、运营商等渠道广泛。
 
  不过，以影视为代表的上游内容版权的竞争激烈，版权成本居高不下，除了BAT聚焦头部独家版权以外，影视新媒体发行龙头企业捷成华视网聚，作为上市公司资金优势也很明显，不具备“一技之长”者很难介入这个领域。
 
  吴冠勇表示，此轮融资后将加大投入建设FB版权大数据平台，发挥平台优势，全作品、全时段、全网络的保护更多正版内容；同时发力版权金融、版权价值评估等大数据应用，加大影视、音乐、文学等版权贸易的投入，支持有潜力的创作团队，促进多业态IP内容的全球化发展。
 
  招商局资本副总裁刘南鸿表示，冠勇科技将大数据、人工智能技术赋能版权行业，商业模式由正版数字内容的保护，再到正版内容的分发，促进整个数字内容生态的健康发展，社会效益与经济效益明显，有机会成长为相关领域具备核心竞争力的平台型科技公司。
 
  广东南方媒体融合发展投资基金管理人海通创意资本董事长邹二海认为，冠勇科技的版权大数据平台，拥有强大的版权监测保护能力和正版发行能力，其打造的国际版权贸易与保护平台已成雏形，市场潜力巨大。",2018-06-15 09:44:00,https://www.chinaventure.com.cn/cmsmodel/news/detail/327767.shtml,投中网,冠勇科技完成8000万B轮融资，由招商局资本和海通创意资本联合投资
"豆包网于2018年年初完成了新一轮融资7500万，由全球化母基金盛景嘉成领投，尚势资本、博将资本、盛腾喜大跟投，原股东汇财投资等持续加持参与。豆包网创始人张启科介绍，本轮融资将用于“科技赋能”战略的落地，为中小保险公司、保险中介公司赋能，提供数据化管理系统，搭建数字化资产，通过一站式SaaS系统帮助合作机构管理客户、快速理赔、风险管理，提高投保、续保和保后服务的效能。
 
  “在新技术驱动下，保险不再是一种简单的损失补偿，而是融合了科技、服务和管理，更好的满足社会需要。”在日前召开的乌镇保险科技菁英大会上，张启科发布了“科技赋能”全新战略，提出保险行业应该更好建立自己的核心服务能力，从被保险人的利益出发，以服务深度为特点为保险和中介赋能。总体来看，保后服务价值挖掘将是未来行业的新热点。
 
  作为一家采用B2B2C模式的互联网保险平台，豆包网于2015年10月正式推出。以“弹性福利”为切入点，综合医疗保险与健康服务，择优而选，为企业和个人提供健康保障服务。豆包网提供的商品包括以健康险为核心的企业团险，健康体检和健康筛查等服务的企业健康管理方案，还有少儿重疾险、旅游保障计划等延伸产品。
 
  截至目前，豆包网已服务投保人次突破100万，服务企业突破4000家，受理理赔案件近10万起，赋能领先的保险中介公司30余家。
 
  据豆包网提供的数据显示，从2012-2017年，我国互联网保费收入不断增长，从106亿增长到3000亿左右。而根据保监会披露的数据统计，2012年我国只有39家保险机构经营互联网保险业务，到了2016年有117家，2017年达到近130家。
 
  对于互联网保险的发展，张启科认为，一方面，客户保险意识不断增强，客户可保险的资产类型、可保险的资产规模在不断扩大。伴随着我国保险市场体量的激增，保险业本身对于服务的需求，将呈现指数性爆发。用户需求驱动着互联网保险产品的发展和创新，也带动了整个保险行业的服务更加便捷化、智能化。
 
  另外，金融科技迅速发展，依托大数据、人工智能、区块链等前沿技术，一批以技术驱动、科技赋能行业的保险科技公司已经出现，这些公司有能力提供更为智能化的服务，将有力推动保险行业的升级。
 
  张启科介绍，豆包网凭借“大数据+人工智能”分析能力，区块链技术、自主开发以保障服务为核心的自有技术中介SaaS服务平台，进行用户行为分析、知识图谱、病例数据挖掘、理赔数据管理分析，同时也可通过SaaS平台帮助企业实时提醒、实时掌握员工理赔、体检动态。对于消费者，豆包网个人微信理赔已经实现了免收纸质单据，快速+简单理赔，专业理赔团队在线审核，只需拍照上传即可完成，满足企业及消费者不同需求，主动提供全方位的服务。
 
  未来，豆包网拟把人身健康资产数据化、资产化，凭借已经逐步建立起的保险产品数据库、健康数据库，基于智慧决策和深度服务，整合产业链资源，探索更多的服务模式和内容。",2018-06-15 09:13:00,https://www.chinaventure.com.cn/cmsmodel/news/detail/327765.shtml,创业邦,豆包网获7500万新一轮融资，盛景嘉成领投
"Sphero这一年过的并不太平。这家玩具机器创企因为产品线中迪士尼品牌的玩具并没有引起客户太大的兴趣，在年初裁掉了数十名员工。
 
  但是，最近这家公司完成了1200万美元融资，这算是个好消息。本轮融资后，公司的融资总额达到了1.19亿美元。这轮融资将帮助这家BB-8制造商转型成一家教育优先的公司。
 
  Sphero告诉媒体：“这轮融资总额预计会达到2000万美元，目前我们完成了1200万美元。”投资方则包括一批新老投资人，这笔资金主要会被当做运营资本，这家公司采取了教育和娱乐相结合的战略。
 
  目前，编程玩具领域已经十分拥挤，但Sphero长期以来一直在寻找自己的路。
 
  《星球大战：原力觉醒》上映前，迪士尼投资并授权 Sphero 研发设计了BB-8机器人；后者也因此名声大噪， 在 2015 年末刚开售 12 小时就卖出 2.2 万个，是 Sphero 此前一年营收额的 90%。
 
  两年后《星球大战》又拍了一部， Sphero 公司却没有延续之前的人气。据 TechCrunch报道，Sphero 计划在全球裁员 45 人，主要涉及公司位于科罗拉多州的总部，也会波及英国和香港的办公室。",2018-06-14 14:13:00,https://www.chinaventure.com.cn/cmsmodel/news/detail/327745.shtml,猎云网,编程玩具创企Sphero获1200万美元融资，资本涌入能否扭转公司颓势？
"近日，智能语音内容分发平台“随身听”完成数百万元人民币天使轮融资，由远望资本投资。据了解，本轮融资主要用于扩充团队和丰富内容。短期内优化机器生产的内容质量，丰富内容品类。长期目标是做内容分发平台，接入更多第三方内容。
 
  “随身听”是一个语音新闻聚合推荐平台。针对驾车、骑车、洗漱等不适合使用视觉接收信息的多元化场景、或是疲惫的上班族、年老眼衰的银发族等特定人群，为个人用户提供量身定制的语音资讯推荐服务，用户在搜索时，可以使用语音输入、语音输出，形成完整语音交互闭环。；为人工智能语音交互平台客户提供：热度预测、内容摘要、配音优质、标签丰富的语音资讯内容服务。
 
  目前，随身听以微信小程序的形式上线，使用便捷。接入微信社交平台，为后期的精准营销提供了可能。据相关负责人介绍，随身听已实现盈利，并完成与腾讯、小米、京东等企业的生态合作，为其提供语音新闻资讯服务。
 
  远望资本创始合伙人程浩说，语音交互是一个趋势，而个性化的音频新闻是建立在语音交互基础上的杀手应用，既刚需又高频，可以应用在音箱、车载以及手机上，特别是手机端还有微信小程序的红利。另外，从团队配置上看，这是一个百度大数据的技术派和腾讯AI产品经理的优秀组合。
 
  七大技术模块，实现“听新闻” 
 
  在技术实现上，随身听可以分为七大模块，分别是网络爬虫模块、数据清洗模块、热度预测模块、摘要提取模块、语音合成模块、审核干预功能和内容推荐模块。
 
  随身听每日大概爬取到2-3万条全国各地的新闻资讯，并对爬取的新闻资讯内容进行初步的数据清洗，含提取关键字、来源网站设置可信权重排序和过滤敏感信息与谣言。
 
  在数据清洗基础上，利用机器学习建模的方法来分析预测新闻未来的热度。参数包括：用户的新闻消费行为，如阅读、评论、转发等行为数据在时间轴上的变化趋势；各个新闻生产平台的生产行为，如发布、置顶、推送、下线等新闻生产曝光行为数据等。
 
  在摘取提要模块，随身听将分析文本中的句子的重要性，进行抽取。由于新闻内容文法相对固定，新闻要素基本确定、段落格式也相对比较有规律，因此使用抽取式摘要技术。相比生成式摘要技术，前者相对成熟，在新闻上应用效果更好。
 
  在语音合成环节，随身听使用专业的新闻播报领域TTS库，包含独家积累的多条新闻主播播音数据，比目前市场上开放的通用TTS效果好。从深入细分的角度看，对头部新闻，随身听采用人工录制，长尾新闻采用TTS。
 
  审核干预由人工操作完成。新闻编辑员一边对自动抽取内容的进行评估和修改，一边修改内容反馈抽取模型和热度预测模型，训练模型参数。除此之外，为了屏蔽风险，随身听还设立新闻审核员，检查新闻内容质量和政治脱敏。
 
  最后一步是内容推荐。小程序为用户建立用户画像的方法有：首次登录给用户选择感兴趣的内容标签；记录用户的对新闻类型的收听行为，比如详听、跳过或重听等，以丰满用户画像，筛选用户喜好的标签，推荐更合适的新闻内容。
 
  随身听创始人汤巍敏来自百度大数据团队和语音技术团队；在百度云设备部和百度大数据部任职。获近30个中国和美国的专利。联合创始人宋治云曾任前百度智能语音产品经理，腾讯AI高级产品经理。团队曾参加百度hackathon比赛，获得比赛冠军。
 
  选中火热赛道，助力起跑 
 
  语音识别技术、计算机视觉技术和自然语言理解技术作为人工智能领域技术层三大基础技术，近年来受到业界和社会广泛关注。而语音交互，是人工智能技术的细分领域，最有可能成为人机交互的刚需。语言是是人类最重要的交际工具，是人们进行沟通交流的主要表达方式，在“解放双手”层面上，语音交互显现出巨大魅力，并吸引了一大批科技企业、资本投入其中。
 
  在国外，苹果、三星、谷歌、微软都投入大量精力在语音交互，苹果Siri、微软Cortana、谷歌Google Assistant、亚马逊Alexa等在内的多款智能语音助手被业界熟知。
 
  在国内，思必驰、科大讯飞、云知声、百度、搜狗、阿里云等企业在语音交互落地多领域的赛道上表现出色。在应用层，智能电视、汽车中控、智能客服、智能移动终端、智能家居、语音助手等多领域，语音交互都必不可缺。
 
  本次投资方远望资本看好以人工智能为代表的技术主导型赛道，其创始合伙人程浩曾表示，创业的赛道要建立在大势和红利之上，远望资本高度关注人工智能在汽车、机器人、零售、金融等领域的应用。随身听选对了赛道，但能否准确击中行业痛点，不断打磨商业模式并趋于成熟，还需要时间验证。",2018-06-14 08:54:00,https://www.chinaventure.com.cn/cmsmodel/news/detail/327725.shtml,亿欧,随身听完成数百万元天使轮融资，远望资本投资
"近日，计算机视觉与机器学习公司泛化智能gi宣布已于近期完成千万级 Pre-A轮融资，由吉大校友基金领投，高达资本跟投。
 
  此前，泛化智能曾于2016年完成数百万元天使融资，投资方为梅花创投、发现创投。
 
  泛化智能 gi 成立于 2015 年，是一家专注于计算机视觉与机器学习技术的公司，总部位于北京。
 
  不同于大部分「外包商」式的机器学习公司，泛化智能gi为各种不同的行业提供标准化的人工智能产品Tegu。Tegu包含了从数据预处理到模型训练以及部署在内的全部机器学习项目流程。用户完全不需要代码以及数学知识，也可以根据自己的需求使用机器学习技术。在降低了机器学习门槛的同时，加速了机器学习等新技术的普及。
 
  目前泛化智能gi的产品已经应用在了电网、机场、医院、无人机、能源、动物保护、C 端产品等多个完全不同的场景中。客户包涵了巨无霸国企，也有小型创业公司。
 
  泛化智能认为，机器学习的未来在于真正需要机器学习技术的人能否自己利用技术去解决自己的问题，而不是机器学习专家去替用户解决问题。就好像是微软的 Word 是让用户自己去写，而不是替用户代写。
 
  泛化智能gi创始人兼 CEO 王汉洋表示：“机器学习的问题在于客户不知道技术能做什么，技术不知道客户要什么；因为机器学习公司的特点是自己不用自己的产品。像做安放识别的公司自己不抓逃犯，做反欺诈的公司自己不开银行，很多所谓对落地的研究不过是去客户现场转悠一圈的浅尝辄止。这种外包的模式极大的阻碍了机器学习技术的发展。泛化智能希望三年后，让机器学习遍地开花。”
 
  梅花创投创始合伙人吴世春表示：“泛化智能是我们非常看好的一家专注在计算机视觉与机器学习领域的初创公司，公司团队非常年轻、有想法、执行力强，技术方面也取得了非常大的突破，目前已经拿下了一些很好的订单。我们相信，智能制造、人工智能、生物技术在中国会有大规模应用性创新，带动很多产业的升级，泛化智能是其中的优秀代表，梅花会继续支持泛化智能的发展。”
 
  据悉，此轮融资后，泛化智能gi将继续对产品进行打磨，并且加速推广。",2018-06-14 08:42:00,https://www.chinaventure.com.cn/cmsmodel/news/detail/327722.shtml,投中网,泛化智能完成千万级Pre-A轮融资，吉大校友基金领投
"今日，智慧办公服务商上海办伴科技有限公司宣布获得1.5亿元人民币A+轮融资，本轮融资由沨华资本领投、包括FESCO外企资本在内的多家机构参投。本轮融资将主要用于产品升级和办伴办公物联网搭建，以及海外扩张。
 
  与融资消息一同宣布的是，DISTRII办伴将与两大投资方——沨华资本和新加坡城市发展集团（CDL）联手成立一期30亿的“智慧城市更新基金”并正式启动。DISTRII办伴作为基金联合发起方，与两大投资方——新加坡城市发展集团（CDL）、沨华资本正式签约，宣布联手设立“智慧城市更新基金”。该基金一期的资产规模为30亿元，二期基金资产规模将达到100 亿元。 
 
  公开资料显示，办伴科技曾于2016年11月获得华住酒店集团、新加坡城市发展集团(CDL)共同投资的7200万元Pre-A轮融资；2017年9月，获得景瑞控股旗下合福资本领投，君紫资本与新加坡城市发展集团（CDL）参投的2亿元A轮融资。
 
  DISTRII办伴是一家打造“分布式智慧办公”理念，为办公人群提供办公领域综合解决方案的物联网企业。“分布式生态办公”理念，旨在将中国乃至全球现存的优质办公物业空间进行重新整合和重塑，并将网络布局的空间通过互联网技术进行链接，形成一张办公房地产+互联网+企业服务+社群相结合的超大型物联网，打造一站式办公解决方案服务平台，提供面对未来的办公产品。 
 
  DISTRII 办伴自2015年底创立起，已经走过近三个年头。时至今日，DISTRII 办伴已成功拓展至新加坡和中国2个国家的5个城市（包括新加坡、上海、北京、杭州、南京），在30余个核心CBD 区域设立中高端智能商务办公空间，吸引500余家入驻企业、3,000家企业会员，覆盖30,000余用户。2018年，公司总体营收预计将超过1.5亿人民币。",2018-06-14 08:07:00,https://www.chinaventure.com.cn/cmsmodel/news/detail/327717.shtml,猎云网,联合办公品牌办伴科技完成1.5亿元A+轮融资，沨华资本领投
"近日，二手车交易“新服务”平台北京好车多多科技有限公司(简称“车多多”)宣布获得A轮融资。本轮融资总额为1770万美元，由华创资本领投，包括易鑫集团、李星星、源码资本在内的多个投资机构及个人跟投。
 
  本轮融资的投资人之一李星星将出任“车多多”董事长兼总裁。根据官方资料，李星星拥有近10年汽车、摩托车行业经验，曾任吉利集团下属多个子公司总经理、董事长。
 
  车多多创始人郑伟、蔡波介绍，本轮融资将主要用于打造旗下全新二手车交易“新服务”品牌——车多多。通过技术升级及模式创新，车多多将首先搭建起二手车消费金融交易服务平台，上游对接多样化的二手车消费金融产品，打造“二手车金融产品超市”，再通过覆盖全国二手车交易市场的直营团队，全流程服务二手车经销商和消费者。
 
  郑伟表示，车多多将首先在全国范围内进一步建立直营服务能力，在消费金融服务的基础上，将来还会联合各种战略合作伙伴增加带看交易、保险、检测评估、延保、车务在内的一站式服务。
 
  资料显示，车多多先后经历帅车，看车网几个不同发展阶段，业务覆盖全国近百家城市，累计触达百余万客户。在“帅车”品牌阶段，该公司借鉴美国最大二手车零售商CARMAX，开创国内汽车零售大卖场模式，后又创立“看车”品牌，推出“一键分发”、“大量真实有效车源”、“带看+金融场景化交易”等汽车交易服务模式。
 
  据了解，创始团队郑伟，蔡波均拥有逾10年行业经验，都是二手车行业的创业老兵。郑伟曾历任帅车CEO、看看车CEO以及易鑫集团高级副总裁，蔡波负责搭建早期的帅车二手车信息系统，后任看看车COO以及易鑫集团副总裁。",2018-06-14 08:05:00,https://www.chinaventure.com.cn/cmsmodel/news/detail/327716.shtml,猎云网,二手车交易平台车多多完成1770万美元A轮融资 ，华创资本领投
"近日，浙江德尚韵兴图像科技有限公司（以下简称：德尚韵兴）宣布完成B轮融资，复星医药子公司上海复星平耀投资管理有限公司领投，华盖医疗基金跟投，本轮融资的金额和公司估值暂时无法透露。
 
  此次引入战略投资者，旨在发挥战略投资人在医疗行业的经验与资源，促进德尚韵兴已有产品的市场化推广和在研项目的技术创新及研发，推进公司在医疗人工智能领域业务的发展。
 
  本轮融资的将用于促进已有产品的市场化推广和在研项目的技术创新及研发，推进公司在医疗人工智能领域业务的发展，尤其加速是AI+超声领域的研发与落地。
 
  2015年，德尚韵兴A轮引入战略投资者珠海和佳医疗设备股份有限公司。
 
  公开资料显示，浙江德尚韵兴图像科技有限公司成立于2013年，致力于医学影像人工智能辅助诊断系统、三维可视化精准术前规划、术中导航、术后评估等技术。公司自主研发的产品 “超声甲状腺结节智能辅助诊断系统”处于世界领先水平。
 
  德尚韵兴有两条成熟的产品体系，一个是AI+超声体系，另一个是三维可视化、手术规划、手术导航体系。
 
  德尚韵兴最被人熟知的产品是超声甲状腺结节智能辅助诊断系统。该系统分为训练和打分两部分。训练原理依托于深",2018-06-13 14:44:00,https://www.chinaventure.com.cn/cmsmodel/news/detail/327706.shtml,猎云网,德尚韵兴宣布完成B轮融资，复星医药子公司上海复星平耀领投
"玖富集团已经完成6500万美元D轮融资全部投资额的交割，D轮融资在今年第一季度完成。
 
  本轮投资方FAMOUS GROUP和Plentiful International是两大颇具实力企业的产业基金，且有银行、地产、制造业、科技业等领域大型综合业务，资产规模超过千亿。
 
  2017年10月，玖富宣布完成C轮融资，总金额约为4亿美元。
 
  另据了解，2017年全年，玖富连续完成两轮融资，引入多个战略投资者。主要投资方包括四大国有资产管理公司之一的中国信达（HK.01359）旗下中国信达（香港）控股有限公司、江南春（上市公司分众传媒董事长）、林奇（游族网络SZ.002174董事长）以及另一家A股上市公司产业基金。
 
  公开资料显示，玖富成立于2006年，平台累计用户超过4600万，拥有包括玖富普惠、悟空理财、玖富钱包、玖富万卡、玖富证券（香港）等多个品牌及产品。
 
  2016年，玖富成为中国互联网金融协会首批发起理事单位，连续两年入选德勤高科技高成长中国50强。今年8月份，玖富集团曾对外正式发布国际化战略，加快了其在美国硅谷、东南亚（新加坡）、香港等地的业务布局。
 
  根据中国互联网金融协会官方数据披露，截至4月30日，玖富集团旗下唯一的网贷平台玖富普惠交易额已达到2344亿元人民币，稳居全国互联网金融领域平台前列，在库规模位列全国第二。同时，在中国社科院2015-2018连续四年的互金蓝皮书综合评级中，玖富普惠也一直保持行业前三。在行业内，玖富也率先引入两大国有保险公司为用户提供履约保障保险，赢得广大用户的高度认可。
 
  玖富普惠公司注册于2014年，是玖富集团全资子公司，也是集团旗下唯一网络借贷信息中介平台。玖富集团体系内所有网络借贷撮合交易均由玖富普惠公司完成。
 
  2017年8月，玖富普惠曾将实缴注册资本增至1亿元。
 
  2018年5月，玖富普惠再获集团增资至10亿元人民币。",2018-06-13 14:30:00,https://www.chinaventure.com.cn/cmsmodel/news/detail/327705.shtml,猎云网,玖富集团完成6500万美元D轮融资
"6月13日上午消息，总部位于新加坡的拼车应用Grab于当地时间周三表示，日本丰田汽车公司将向这家东南亚科技企业投资10亿美元。
 
  Grab表示，这次投资将使两家公司扩大现有的合作关系，并在整个地区探索新的移动战略。此外，这家日本汽车制造商的一名高管将被任命为该公司的董事会成员，而另有一名丰田团队的成员将成为这家拼车公司的高管。
 
  Grab表示，此次投资是汽车制造商对打车行业的投资有史以来规模最大的一次，其目的是让这家东南亚公司能够扩大其在该地区的线上到线下服务范围，比如外卖和电子支付。
 
  “作为汽车行业的全球领导者，丰田对Grab的投资基于他们对我们在推动采用新的移动解决方案，以及坚信我们将在该地区扩展（线上到线下）移动服务（如GrabFood和GrabPay）等方面的领导地位的信念。”Grab总裁Ming Maa在一份声明中说。
 
  据Grab表示，这笔投资将使丰田进一步整合其基于用户的保险和预测性维护等服务，并与总部位于新加坡的公司进行整合。这可能会激励司机更安全地驾驶，以享受更低的保险费。
 
  丰田执行副总裁横山志贵（Shigeki Tomoyama）在声明中表示：“今后，我们将与Grab一起开发对东南亚客户更有吸引力、更安全、更有保障的服务。”",2018-06-13 11:56:00,https://www.chinaventure.com.cn/cmsmodel/news/detail/327692.shtml,新浪科技,丰田拟对Grab投资10亿美元，探索地区新移动战略
"6月13日消息，银多网宣布获得8000万C轮融资。本轮融资由小黑鱼科技领投、买单侠跟投。
 
  2018年5月21日，银多网获得B+轮融资。
 
  领投方小黑鱼科技有限公司成立于2017年9月，是集移动互联网生活方式、消费新生态、消费升级服务于一体的会员制消费服务平台，并于今年1月10日宣布完成9.5亿元A轮融资，仅用了6周的时间，就迅速获得巨头和资本的关注。",2018-06-13 10:00:00,https://www.chinaventure.com.cn/cmsmodel/news/detail/327693.shtml,亿欧网,银多网获小黑鱼科技领投8000万C轮融资
"6月13日，临床研究“新服务”协同平台药研社宣布已于今年5月完成近亿元A轮融资，本轮融资由经纬创投领投，上轮投资方元璟资本继续跟进，广觉投资顾问提供全程支持。药研社创始人孙美林表示，本轮融资后，药研社将加强平台用户和数据化建设，提升新产品研发能力。
 
  药研社创立于2015年12月，是目前国内首个临床研究领域的新服务协同平台。利用“共享+数据+信息化管理”三者结合的产品优势，药研社为临床研究阶段的药物研发提供创新高效的解决方案，其产品服务主要聚焦在提升研发效率、降低研发成本及缩短研发周期三大核心。
 
  随着共享人力资源的基础建设逐步完善，药研社已经成为行业规模最大的自由执业者汇聚平台，聚合90%以上行业从业者。他们凭借自身优质的服务技能、专业的行业经验以及特有的区域中心化优势，为临床研究提供高质量、高经验值的行业创新服务。与此同时，平台上自由执业者群体的涌现也大大丰满了整个行业人才属性，有效缓解临床研究服务企业人力资源紧缺等问题。
 
  截至目前，药研社平台已覆盖中国168个城市、622家具备临床研究资质头部医院和6000名主任医师。孙美林表示，药研社将充分整合平台人才流、信息流、技术流和数据流，不断推出相关产品和服务。
 
  药研社自主研发的数据辅助决策系统试验田（Trial Link）就是平台数据价值的体现，现已全方位实现项目管理的数据流闭环。通过平台不断累积的精准数据和实时项目动态反馈，试验田为医药研发行业的药企中高层和医院提供服务，包括项目策略研究设计的数据分析和参比支持扩展，进而到全流程数据流跟踪分析和辅助管理的一站式服务。此产品刚刚上市就备受业界关注，并得到客户的广泛使用与认可。
 
  经纬中国董事总经理熊飞表示，CRO（全球药物研发外包）在全球是个数百亿美元并高速增长的市场，中国市场也在500亿人民币的体量，年增速超过20%。药研社作为该领域的创新型服务商。通过移动互联网，数据化和信息化手段大大提升了行业效率，在创业很短时间内，发展迅速，并且得到国内外一线药物研发机构认可。经纬很有幸作为公司本轮的领投方，期待公司成为该行业未来的领军企业之一。
 
  Pre-A轮独家投资方，元璟资本合伙人田敏表示，药研社团队具备对药品临床研究行业的深度理解和丰富经验，公司借助移动互联网和产业链各端的信息化系统切入CRO行业，将数据化驱动的系统管理和大数据理念引入临床研究领域，部分优化甚至重塑行业流程，长期有效推动从业人员自由执业化。“我们坚定相信并长期看好药研社将在药品临床研究行业发挥极大的数据平台价值”。",2018-06-13 09:43:00,https://www.chinaventure.com.cn/cmsmodel/news/detail/327687.shtml,投中网,药研社完成近亿元A轮融资，本轮融资由经纬创投领投
"6月12日，美国联邦法院法官批准美国电话电报公司（AT&amp;T）收购时代华纳，驳回此前司法部提出的此项收购可能涉嫌垄断的诉讼。
 
  法官称，司法部的反垄断执法官员未能证明此项收购构成垄断。此项收购自2016年10月宣布以来一直悬而未决，该判决是几十年来最大的一笔反垄断案之一，标志着AT&amp;T的一次向全媒体业务转型的重大胜利。
 
  此项收购的总金额高达850亿美元，如果完成将意味着AT&amp;T将成为美国最大的有线电视运营商，同时掌控着最热门的电视频道，包括CNN、TBS、TNT以及美国最受欢迎的高端视频内容提供商HBO。
 
  在对法院提交相关证据时，AT&amp;T强调称，收购时代华纳是该公司进军数字媒体业，与Facebook、谷歌等争夺广告市场的重要步骤，AT&amp;T试图运用时代华纳旗下的优质内容资源，构筑全新的广告平台，通过对观众的观看偏好和数据来精准投放广告。
 
  此外，如果收购顺利完成，AT&amp;T还将为其超过9000万无线移动用户提供丰富的视频内容资源。AT&amp;T首席执行官表示，公司计划向其无限流量移动用户提供时代华纳内容。
 
  此桩收购的主要争议点在于，涉嫌垂直收购，即双方的业务处于垂直领域，AT&amp;T是发布平台，而时代华纳是内容生产平台。此前司法部阻止此桩收购的主要理由也基于此，该部门认为收购将加剧行业集中度，增加用户获得相关服务的成本。
 
  这一判决同时意味着，该行业中另一桩正在密切观望中的交易能够获得顺利推进，即Comcast对21世纪福克斯旗下部分资产的总额可能超过600亿美元的全现金收购要约。
 
  该消息公布后，AT&amp;T盘后股价下跌超过2%，时代华纳股价上涨超过4%，双方市值分别为2100亿美元和753亿美元。一旦交易完成，AT&amp;T将成为一家集有线电视服务、无线移动服务、电信服务以及视频内容生产于一体的电信传媒巨头。",2018-06-13 09:21:00,https://www.chinaventure.com.cn/cmsmodel/news/detail/327684.shtml,腾讯科技-《一线》,AT＆T 850亿美元天价收购时代华纳获得批准
"如果你是一个开发人员，并且想要借助谷歌的地图平台来支持你应用里的某些地理位置功能，那么成本可能会很贵。6月13日，Mapfit宣布获550万美元种子轮融资，它想要在价格上挑战谷歌，并提供地理编码服务以及和谷歌一样精确（甚至有时候更好）的矢量地图。
 
  除此之外，Mapfit还承诺会标出地图上95%的建筑出入口，让点对点导航变得更加轻松。公司表示，自己的新型矢量地图所使用的地图图块比其他服务小了95%，另外公司还支持3D建筑和公共交通信息等。
 
  这家公司创立于2015年，它会从多个数据源获取数据，这包括一些商业的、公开的数据集。它会接收这些数据，并通过一系列的步骤对它进行验证，并通过自己的算法对数据进行强化，帮助行人和车辆进行定位。
 
  Mapfit还为一些非商业项目，以及想要对服务进行测试的开发人员，提供免费的规划。同时它还为创企提供了每月49美元的“发展”套餐，它包含了25次地图查看、15万次地理编码请求和15万次方向请求，同时它并不限制软件开发工具包和网页用户的数量。如果用户需要更多的API请求，那么每超出1000次请求，Mapfit会额外收费0.5美元，当然用户也可以选择包月1499美元的企业套餐，其中包含500万次地图查看。
 
  本轮融资的投资方包括Cavalry Ventures、Weihua Yan、Roderick Thompson、Auren Hoffman和Daniel Waterhouse等企业家和投资方。",2018-06-13 09:00:00,https://www.chinaventure.com.cn/cmsmodel/news/detail/327680.shtml,猎云网,为开发人员打造平价版地图应用接口，Mapfit获550万美元种子轮融资
"2018年6月12日，唯捷城配宣布完成B轮1.16亿元融资，本轮融资由创新工场、赛富资本领投，德屹资本、金圆创投、猎鹰投资、广道创投跟投。
 
  唯捷城配成立于2014年，2015年7月唯捷城配在上海成立管理和运营总部。唯捷城配以仓配一体化为主要服务产品，聚焦餐饮和商超两条主线，服务品牌商、渠道商和连锁终端三类客户群，打造多城市、多温层、多级仓配运营网络，以过程透明化、运营数据化、优化库存管理、高效履约交付为核心能力，为客户改善供应链效率和质量积极赋能。据了解，公司此前曾于2015年12月、2016年12月分别完成Pre-A轮、A轮融资。创始人王琦2003年在UPS开启职业生涯，先后在中外运空运、中远物流任职，具有深刻的行业理解和丰富的管理经验。唯捷团队除了物流行业精英，还有来自互联网、零售业的人才。
 
  作为唯捷城配B轮融资领投方，创新工场、赛富资本分别就投资人视角下的城配市场与投资逻辑，分享重要观点。创新工场华南区执行董事兼总经理熊昊表示，同城配送市场规模达到万亿级别，但大多是作坊式经营，集约程度很低，存在信息化程度低、管理边界狭窄等问题，各方痛点诸多，对高品质专业化城配服务有迫切需求；餐饮业和零售业的连锁化、跨区域的趋势以及B2B平台的兴起都对物流体系提出了效率更高、平台化运营的要求，这一商流的变化势必催生对物流新的需求，存在改造升级机会。
 
  谈及创新工场为什么选择唯捷城配作为被投企业时，熊昊指出，唯捷城配公司通过轻资产重运营的模式整合运力资源，精耕细作稳扎稳打，城市配送模型已经验证，区域配送模型逐步验证，已做好规模扩张准备。目前公司经过几年的积累，在客户中形成一定品牌美誉度，并且唯捷城配领先的效率品质已高度彰显。智能物流系统显著提升效率、统仓共配降本增效、初步形成全国性服务能力，唯捷城配未来的发展空间非常广阔。
 
  唯捷城配创始人兼CEO王琦表示，城配市场过去是一个高度分散的蚂蚁市场，除了客户自营以外，个体司机、夫妻老婆档和小规模的车队是这个领域的主力，典型的红海市场。随着消费供应链的重构，终端连锁化的迅猛发展，多元化的渠道变革，以及品牌碎片化的趋势，结合移动互联技术的应用，仓配网路的布局，将出现一个连接红海的蓝海战略窗口，唯捷城配正在抓住这个机遇。
 
  除此之外，王琦就新零售背景下的数字化城配建设，分享唯捷城配的企业实践并特别指出：
 
  新零售崛起和城镇化进程是城配企业的两大机遇；
 
  新零售对城配的订单履约交付提出更高要求，数字化成为新城配的核心竞争力；
 
  新零售面临供应链重构调整，新城配强化末端消费数据交互，提高精准销售预测。
 
  谈及未来企业的发展规划，唯捷城配创始人兼CEO王琦表示，唯捷城配三年内将完成55个直营城市、150个加盟城市的布局，打造服务10万+企业级客户的运营网络。同时也透露唯捷将持续投入IT系统建设，“天穹”系统群将于7月份全新升级；在人才发展方面，每年将新增5000万元预算用于人才建设，成立唯捷学院提高团队战斗力和专业水平，打造行业领先的仓配运营团队。",2018-06-13 08:44:00,https://www.chinaventure.com.cn/cmsmodel/news/detail/327676.shtml,猎云网,唯捷城配获1.16亿元B轮融资，创新工场、赛富资本领投
"6月13日，第三方电子签名平台法大大宣布已完成B+轮亿级规模融资，此轮融资由元璟资本领投，汇付创投基金、和盟创投、博将资本跟投。从2014年发展至今，法大大已成为国内业务规模最大的电子合同服务商，面向各行业企业、个人以及政府机构提供电子合同、电子文件签署及存证服务，并已整合提供司法鉴定、律师服务等增值业务，为合同文件的全生命周期打造了服务闭环。
 
 

 黄翔 法大大创始人兼CEO
 
  据法大大创始人兼CEO黄翔介绍，在更早的天使轮阶段，法大大客户主要来自互联网金融行业，而如今，除了在互联网金融领域领域拥有相当领先的市场份额外，法大大的客户群已覆盖超过80个行业，这是因为电子合同业务本身有相当强的延展性和跨行业适用性。
 
  据介绍，法大大的业务覆盖了包括金融、互联网、旅游、汽车、供应链、零售、房地产、制造、人力资源等行业及领域，服务的行业标杆客户包括阿里巴巴、微软、百度、海尔、霍尼韦尔、支付宝、滴滴、美团、携程、同程旅游、人人车、蔚来汽车、小红书、蛋壳公寓、拍拍贷、众安保险、阳光保险、云南信托、新东方、龙湖地产、红星美凯龙、吉利石油等。法大大今日公布的数据也显示，在各行业标杆客户的带动下，已有超过8000万的用户使用法大大，至今累计签章调用量超15亿次。法大大也因此实现了年营收300%+的复合增长，持续领跑行业。
 
  同时值得注意的是，就在一个多月前，美国电子签名服务商Docusign在纳斯达克完成上市，并在二级市场上表现亮眼——目前Docusign的市值已从4月26日的44亿美金翻倍至6月6日的88亿美金，足见市场对电子签名这一企业服务基础设施的认可，也印证了法大大高速发展的前景。
 
  在黄翔看来，法大大在行业中的一个重要差异点是在战略布局的能力上，这包括了对生态伙伴建设的认知、执行以及对业务服务拓深延展的理解。
 
  法大大分析认为，Docusign和微软、SAP、Oracle、谷歌等公司建立的生态伙伴合作，对公司发展起到了关键性作用，他们因此能快速、低成本地获取到大量行业头部客户，构成强有力的竞争壁垒。而对比看来，微软、SAP两大巨头在国内则选择了法大大作为这一领域的唯一战略合作伙伴。 此外，法大大还与金蝶、用友以及各大垂直行业顶尖生态伙伴展开了合作，形成了强大的渠道生态。
 
  黄翔列举了这些生态伙伴起到的关键作用。在持续有效的合作下，微软这样拥有多方资源的生态伙伴帮助公司提升了市场影响力和辐射效应。微软在去年将法大大评选为微软中国区年度最佳ISV合作伙伴，此前法大大还在1.6%通过率的高竞争下入驻微软加速器，这也意味着微软对法大大产品技术能力的肯定和认可。而在今年，法大大与SAP达成的战略合作，使得公司业务可以通过SAP生态体系迅速推广至SAP所服务的行业客户，涵盖了企业采购、销售、生产、运营、HR、财务、IT、法务、市场等20多个应用场景。
 
 

 法大大PC端官网及移动端产品
 
  法大大也一直在思考业务服务的拓深和延展，并在法律增值业务及区块链落地上做了技术研究及战略布局。2016年，法大大参与发起了首个大规模商用电子存证区块链联盟“法链”，充分满足了数据存证需求，据了解目前已有累计超过5亿份合同文件经由法链存证，同年法大大还与阿里邮箱一起推出了基于区块链的存证邮业务。
 
  本轮领投方，元璟资本合伙人陈洪亮表示：“在过去的两年中，企业服务一直是个‘不在风口’的创业热点，虽然不如ToC业务那样万众瞩目，但现在的确有越来越多的创业公司在致力于通过信息数据化、业务线上化、部署云端化，帮助更多企业拥抱互联网、提升企业自身及跨企业间的运营效率。法大大选择了电子签名作为切入口，在解决了众多企业线上化、‘云’化闭环中关键问题的同时，还通过与各领域龙头企业的合作服务，把电子签名逐渐推动成为企业的标准服务之一，大大加速了跨企业间的网络协同效率，我们非常看好法大大在这一行业的持续领跑态势。”
 
  黄翔表示，法大大本轮融资资金将重点用于前沿产品技术研发、市场拓展及创新业务的布局。“我相信市场的爆发式增长已经箭在弦上。”",2018-06-13 08:30:00,https://www.chinaventure.com.cn/cmsmodel/news/detail/327658.shtml,投中网,【首发】法大大获B+轮亿级融资，元璟资本领投
" 近日，互联网内衣品牌茵曼内衣宣布已于6月初完成千万级Pre-A轮融资，投资方为梅花创投。 
 
  
 
  梅花创投创始合伙人吴世春表示，“茵曼内衣本身就具有非常强的互联网基因；对中国消费者消费趋势的洞察及对内衣行业发展的趋势都有着非常敏锐的直觉；特别在主打年轻化、时尚健康概念的内衣跑道上，有着独特的竞争优势；也非常看好茵曼内衣成熟、专业、高执行力的团队。尽管中国女性内衣市场看上去一片同质化竞争红海，但深入了解就会发现，更有发现市场能力的品牌将会更容易迅速成长和壮大，大池子里不仅能有大鱼，我们现在找的是大龙虾，茵曼内衣就有做这只改变市场价值标准和竞争维度的大龙虾的潜质。”
 
  据悉，茵曼内衣A轮融资正在进行中，已获得多家知名投资机构投资意向。
 
  茵曼内衣母公司为深圳爱琳国际品牌管理有限公司，成立于2016年。茵曼内衣定位于互联网中高端消费人群，主打“舒适陪你从苏醒到入睡”。成立一年多累计销售已经超过5千万元，并与阿里新零售达成战略合作，成为阿里新零售在线上线下融合的首批落地品牌，已经基本建设完成商品通、会员通、服务通及全渠道粉丝的触达；在线上线下的全渠道运营上，积累了丰富的经验。
 
  目前，茵曼内衣将继续深耕已有优势的电商渠道，除了在传统电商渠道天猫、唯品会、京东等持续发力外，还将在社交电商渠道做重要布局，特别是围绕新兴的社交电商平台和茵曼粉丝消费圈——小程序商城“茵曼精选”做重点推广，并持续在新的零售模式上进行积极探索。在产品的丰富性上，将针对中国内衣高端市场推出高端设计师合作的真丝系列，并在智能健康领域进行了积极布局，等到技术成熟，未来将会在市场上推出“很吓人”的内衣黑科技产品。
 
  茵曼内衣创始人、CEO杨勋忠是电商行业知名经理人，具有超过10年线下及线上经营及营销管理经验，曾担任茵曼首席运营官，带领茵曼营业额从7000万到10亿并成为女装首个线上单日销量过亿的品牌，斩获2013年双十一女装行业冠军。核心创始团队覆盖运营管理、设计、商品、市场等领域。
 
  杨勋忠表示，茵曼内衣的线下店铺尚未全面铺开，目前公司的战略重心和主要销售来源在线上渠道，但公司未来高速发展的动力将来自于持续的对时尚零售领域不断迭代升级下的快速切入能力、产品开发能力和供应链管理能力上。在这次内衣消费升级的趋势中，将在内衣场景化消费、时尚搭配性、舒适性及健康智能化方向上树立品牌的竞争壁垒差，将茵曼内衣打造成一个时尚与舒适并存的年轻化内衣品牌。
 
  “在线下零售的部分，仍然是我们弯道超车的巨大机会，这次新零售变革我们已经赶了大早，就绝对不会掉队”，杨勋忠表示，得益于茵曼在线下已有的五百多家门店的辐射能力及远超同行业的转化和复购水平，茵曼内衣将以珠三角和主要一线及新一线城市直营为起点，在全国展开城市合伙人制的合作发展计划，把新零售的概念实实在在的落地。
 
  作为茵曼品牌生态圈下孵化的新成员，茵曼内衣品牌不仅享有茵曼品牌带来的巨大优势，也获得了茵曼公司的全力支持。茵曼品牌创始人方建华表示，“中国目前女性消费者人群达到了6.7个亿，内衣市场是一个高度开放、竞争但又充满机会的巨大存量市场。特别是在互联网平台，内衣是增速最快的品类之一，这两年年复合增长率超过50%，希望在未来90后新消费升级者人群中，茵曼内衣将成为她们购买的第一件茵曼品牌商品。”
 
  在有了资本的加持后，茵曼内衣还计划在下半年与知名奢侈品牌推出联名款来强化品牌的影响力，并适当的加大市场推广力度，“新的社交媒体是我们未来营销的主要阵地，我们已经在和一些有影响力的KOL沟通，一线明星的合作也在计划中，毕竟本质上我们还是在一个快速变幻的时尚行业中。”杨勋忠表示。",2018-06-13 08:14:00,https://www.chinaventure.com.cn/cmsmodel/news/detail/327673.shtml,投中网,茵曼内衣完成千万级Pre-A轮融资，梅花创投投资
"今日消息，计算机视觉领域的AI独角兽依图科技宣布近期已完成2亿美元C+轮融资，投资方包括高成资本、工银国际、浦银国际。关于这笔资金的用途，官方暂未给出说明。除了对资本方和大客户表示感谢外，依图科技也借机招募AI人才：“期待和所有伙伴共同开拓人工智能的壮阔未来。”
 
  依图科技曾在2013年8月获得真格基金天使轮投资，2015年1月完成红杉资本、高榕资本投资的A轮融资，2016年6月完成云锋基金领投的数千万美元B轮投资，2017年5月完成由高瓴资本领投，云锋基金、红杉资本、高榕资本、真格基金跟投的3.8亿元C轮融资，公司在智能安防、医疗、金融、智慧城市等方向的业务拓展十分强劲。
 
  目前，在计算机视觉领域，第一段位的AI独角兽们基本都到了C轮阶段，去年10月底旷视科技宣布完成了4.6亿美元C轮融资，今年5月31日，商汤科技宣布完成6.2亿美元C+轮融资，融资纪录被不断刷新，依图的融资进展虽有点姗姗来迟但还是跟上了这样的吸金节奏。",2018-06-12 15:02:00,https://www.chinaventure.com.cn/cmsmodel/news/detail/327657.shtml,猎云网,依图科技宣布完成2亿美元C＋轮融资，投资方包括高成资本、工银国际、浦银国际
